domain,bytes,status
hillary.ua,29783,ok
fishki.ua,8916,ok
dim-sb.com,7913,ok
profiline.ua,8916,ok
alp.com.ua,9909,ok
inoxstore.com.ua,9783,ok
zhaba-igor.com,8911,ok
chernomor-cosmetics.ua,9420,ok
coffeetrade.ua,30024,ok
aqua-life.ua,8411,ok
supersumka.net,8916,ok
wookie.com.ua,8341,ok
zolotoy-standart.com.ua,4635,ok
milkyvape.shop,13028,ok
posters.md,7590,ok
medtehnikalife.com.ua,7016,ok
mebelopt.ua,8931,ok
amador.com,0,no_marker
worldvision.com.ua,9725,ok
beerfreak.org,8073,ok
franke-partner.com.ua,0,no_marker
modeland.com.ua,9023,ok
brooklet.com.ua,8916,ok
in-green.com.ua,191342,ok
grossmeister.com.ua,6794,ok
technonicol.com.ua,5251,ok
koffer.ua,10684,ok
sens.in.ua,11373,ok
svitparketu.com.ua,4976,ok
lantale.com.ua,13970,ok
filmexpro.ua,11236,ok
solar.biz.ua,8916,ok
soundstore.com.ua,4640,ok
lanota.com.ua,10724,ok
flash-skate.com.ua,9018,ok
tovarystvo-kraftu.com,9050,ok
cosmic.com.ua,9465,ok
poteshki.com.ua,7398,ok
cartools.com.ua,9023,ok
brazil-prof.com,10468,ok
ponova.com.ua,5733,ok
lordofboards.com.ua,17250,ok
mobiletrend.com.ua,12857,ok
edem-textile.com.ua,15960,ok
kazanova.ua,42264,ok
knyharnia.eu,8301,ok
bonro.ua,6267,ok
lambre.ua,0,no_marker
granitlion.com.ua,5008,ok
dubhumans.com,30368,ok
velopodium.com.ua,9477,ok
hollyskin.com.ua,7924,ok
vorota-center.com.ua,9439,ok
tactic4profi.com,7991,ok
hadatcosmetics.store,9057,ok
guitarhouse.com.ua,9946,ok
airunit.com.ua,229192,ok
unisport.ua,8619,ok
amebli.com.ua,11689,ok
clubpuer.com.ua,9650,ok
tramp.in.ua,9877,ok
titan.ua,8693,ok
a-mega-auto.com,7913,ok
kubik.in.ua,9395,ok
zadeshevo.com.ua,17688,ok
viopol.com.ua,7256,ok
good-harvest.ua,8512,ok
matrasroll.com.ua,11774,ok
kompozit.ua,8153,ok
740.com.ua,9014,ok
yuki.ua,29972,ok
ptashkinsad.com,14475,ok
kiddiua.com.ua,11445,ok
usavitamines.com.ua,0,no_marker
efarm.pro,10505,ok
prostoneba.ua,0,no_marker
evo.net.ua,10228,ok
5g.in.ua,10869,ok
viltrox.com.ua,14777,ok
obuv-complekt.com,9362,ok
pearl-styles.com,9999,ok
petroline.ua,8181,ok
canna-seeds.com.ua,0,no_marker
self-lover.store,0,no_marker
delikatto.com.ua,10835,ok
blackpink.com.ua,11636,ok
doctor-h.com.ua,34143,ok
cultiva.com.ua,16254,ok
imi.ua,8077,ok
bag24.com.ua,0,no_marker
alfa-server.com.ua,5013,ok
agramant.com,7310,ok
aqua-favorit.com.ua,11244,ok
powerup.ua,8930,ok
babyhoodpolska.pl,9398,ok
erotim.com.ua,5608,ok
arnage.com.ua,7633,ok
flamingotex.com.ua,9521,ok
melnik-bags.com.ua,4655,ok
fagus.ua,8545,ok
khorek.com,3583,ok
polyabluka.com,0,no_marker
miraclekids.com.ua,8286,ok
shambala.com.ua,10294,ok
shift.ua,9565,ok
serebro.ua,10597,ok
krkr.com.ua,11769,ok
voblerok.ua,10219,ok
strikeshop.com.ua,17373,ok
tabenergy.com.ua,9479,ok
bezpeka.com.ua,14334,ok
wellamart.ua,10860,ok
safeyourlove.com,12911,ok
maverick.ua,23869,ok
stalevar.ua,8280,ok
cleanairlove.com,8020,ok
sexybra.com.ua,9709,ok
easyvape.net,7913,ok
gummy.com.ua,9023,ok
impact.ua,6856,ok
pro100gym.com.ua,4747,ok
ergo.place,9747,ok
50m.com.ua,5951,ok
10sotok.com.ua,6054,ok
dorus.com.ua,3965,ok
kulturrra.coffee,25853,ok
redprice.sale,4640,ok
saren.com.ua,4640,ok
techon.com.ua,21440,ok
timesport.com.ua,4640,ok
smartzoo.ua,11481,ok
semtech.com.ua,10501,ok
piramida24.com.ua,0,no_marker
tomdom.in.ua,4640,ok
a-radio.com.ua,9442,ok
nexon.ua,11270,ok
instant.com.ua,9284,ok
procosmetix.com.ua,9401,ok
yorick.productions,8900,ok
teplorry.com.ua,86681,ok
ruvas.ua,6992,ok
office-better.com,8915,ok
zaya.ua,9761,ok
a-comms.com.ua,9454,ok
homefood.ua,9543,ok
arp.co.ua,6258,ok
happyelk.com.ua,9510,ok
pxl.ua,14225,ok
lavra.com,0,no_marker
cyberdream.com.ua,13721,ok
hroomroom.online,9428,ok
oxidom.com,8914,ok
arfen.net.ua,10252,ok
simvolt.ua,8023,ok
gzpt.com.ua,14548,ok
dsh.com.ua,10813,ok
ballistic.com.ua,10121,ok
pkf-lio.com.ua,9149,ok
e-k.com.ua,8928,ok
idealsport.com.ua,11411,ok
derby.ua,8916,ok
deshevle-net.com.ua,13236,ok
loadup.com.ua,71430,ok
biovet.ua,6991,ok
sayyes.com.ua,0,no_marker
icd.com.ua,5344,ok
metalbudservice.kiev.ua,5955,ok
tsypa.beer,8020,ok
healthfit.com.ua,0,no_marker
moonshine.com.ua,4638,ok
vmiske.ua,9646,ok
bujobox.com.ua,11118,ok
stemar.com.ua,7913,ok
invafishki.shop,4643,ok
happygaga.com.ua,8013,ok
shopforcars.in.ua,10567,ok
minilook.com.ua,8916,ok
pandatrade.com.ua,8928,ok
veloliga.in.ua,4635,ok
brille.ua,10586,ok
folkmart.ua,4759,ok
airontrade.com.ua,0,no_marker
medshvetsmarka.com.ua,4924,ok
kapitan.ua,4555,ok
chaiq.com.ua,8916,ok
geekach.com.ua,9036,ok
loveyself.com.ua,13396,ok
housstore.in.ua,7913,ok
kipr.kiev.ua,8283,ok
101matras.ua,5991,ok
airontrade.ua,5840,ok
pl.zaya.com.ua,0,no_marker
nanoge.store,7913,ok
prodecor.net.ua,9433,ok
servermall.com.ua,8916,ok
fabrika-comforta.com.ua,4652,ok
slavles.in.ua,8179,ok
optom.km.ua,10339,ok
yasmin-tex.com.ua,6655,ok
streetwear.kyiv.ua,7913,ok
bezpeka-veritas.com.ua,29250,ok
avante.com.ua,0,no_marker
vintok.com.ua,6058,ok
ptichkinsad.com,0,no_marker
termozona.com.ua,7150,ok
deeply.com.ua,0,no_marker
exult.ua,10191,ok
snapt.ua,13024,ok
poputchik.ua,9573,ok
gsm-ka.com.ua,7859,ok
profi-perukar.com.ua,9168,ok
vino.ua,0,no_marker
torgshop.com.ua,13875,ok
hubstore.com.ua,11368,ok
boltex.com.ua,8928,ok
sholomy.arp.co.ua,5239,ok
drone-frames.com.ua,8916,ok
hempfactor.ua,9293,ok
motoroil24.com.ua,8931,ok
bazaobuvi.com.ua,0,no_marker
sony-playstation.com.ua,7859,ok
zalizna-kramnytsia.com,4640,ok
m-gear.ua,8519,ok
opt-shkarpetok.com,30586,ok
sportmarket.net.ua,0,no_marker
gudzgallery.com,7956,ok
aftactic.com,7913,ok
jam-media.com.ua,8725,ok
450tactical.com.ua,9430,ok
charovani.store,8916,ok
wahagray.com,8908,ok
coine.com.ua,8931,ok
motoplus.com.ua,7705,ok
zfc.in.ua,9425,ok
kotlant.ua,9523,ok
ete.ua,8928,ok
lamir.ua,10196,ok
bezpeka.pro,10164,ok
ledvis.com.ua,4642,ok
vikno.shop,25005,ok
drgritz.com.ua,9359,ok
viktailor.com,13761,ok
freedom.ua,4640,ok
gidrotsilindr.com.ua,9659,ok
termokruzhki.com.ua,7928,ok
lilafit.com.ua,10043,ok
lore-club.com.ua,8916,ok
granulka.ua,5937,ok
servua.com,4641,ok
trostyancho.com.ua,7928,ok
biotradecosmetics.com,8453,ok
benzo-pila.in.ua,19254,ok
ravisto.ua,10065,ok
kasandra.ua,9647,ok
mjm.com.ua,7994,ok
kvolts.com.ua,10711,ok
nikaprof.shop,11059,ok
ua.1dea.me,8928,ok
vitaminpro.com.ua,7833,ok
uaskyline.com,5951,ok
beautyhunter.com.ua,10753,ok
uazist.com.ua,9023,ok
mamulia.ua,9091,ok
keratinpro.ua,24909,ok
vitberry.com.ua,29283,ok
1-viking.com.ua,9393,ok
truber.com.ua,9573,ok
starmag.in.ua,6856,ok
agroplan.com.ua,10212,ok
bonjur.com.ua,7090,ok
joypoint.com.ua,0,no_marker
zulfiya.ua,9811,ok
puzzlean.com.ua,9744,ok
adara.parts,14243,ok
melgo.com.ua,10240,ok
militar.com.ua,9023,ok
ventsgradov.com.ua,8283,ok
brooklynstore.com.ua,0,no_marker
gadgethub.com.ua,8916,ok
pasivka.com.ua,5326,ok
moto-motion.com.ua,6258,ok
healthfit.ua,10623,ok
mobvoi.com.ua,8916,ok
blackbike.ua,11579,ok
idilia.ua,9418,ok
allpack.biz,5428,ok
kviten.in.ua,10932,ok
samokleiky.trade,5951,ok
ventalab.ua,5465,ok
medovemisto.com,8573,ok
softmaps.com.ua,8916,ok
myvitamins.com.ua,10783,ok
we-mart.com,9298,ok
pwmi.lv,8904,ok
bavovna.team,5016,ok
bearshopua.com,9821,ok
syroman.com.ua,4640,ok
arti.com.ua,6343,ok
toptok.ua,9023,ok
beautysmart.com.ua,9540,ok
daddy-store.com.ua,10782,ok
black-bunny.com.ua,9137,ok
vetermodels.com,20462,ok
shampura.net,5117,ok
restoplus.com.ua,25342,ok
samurai-instrument.com.ua,9474,ok
dushka.ua,8958,ok
leo-shop.com.ua,17231,ok
hypesneakershop.com.ua,8020,ok
buromax.ua,11793,ok
headshot.coffee,0,no_marker
profplastic.com.ua,10846,ok
growtek.com.ua,11374,ok
toppers.ua,8916,ok
forpeopleshop.com,8916,ok
comfort-pro.com.ua,5810,ok
ukrmedshop.ua,4762,ok
a-zoo.com.ua,6070,ok
pkkopt.com.ua,7931,ok
oku.com.ua,7496,ok
forbarber.com,9417,ok
asbeautystore.com.ua,8928,ok
mobilgroup.com.ua,7924,ok
gallu.com.ua,10014,ok
turboparts.ua,8932,ok
kashpo.com.ua,9664,ok
eurobag.com.ua,6803,ok
consafety.com.ua,10311,ok
domupakovki.com.ua,3586,ok
melorina.com,8931,ok
nezalezhni.com,8464,ok
trendytot.store,7913,ok
s69.com.ua,10284,ok
ptashkatextil.ua,4655,ok
phonedepot.com.ua,33095,ok
fedox.com.ua,23673,ok
brennenstuhl-ukraine.com.ua,26919,ok
mi.net.ua,8916,ok
dermafirm.com.ua,8020,ok
galaxystore.com.ua,8002,ok
listovoymetal.com.ua,4640,ok
techseller.in.ua,5951,ok
petsbro.bg,77739,ok
tkagroseeds.com,9673,ok
stellashop.com.ua,9625,ok
lfl3d.com,10335,ok
whirlpool.in.ua,8916,ok
oneplus-shop.com.ua,8916,ok
kwatt.com.ua,10130,ok
ukrstal.com.ua,4640,ok
smooha.com.ua,9321,ok
postelka.com.ua,9035,ok
los-tobacco.com.ua,5675,ok
remdetali.com.ua,8916,ok
zipstore.com.ua,8928,ok
oppo-ukraine.com,8916,ok
primeauto.com.ua,9829,ok
superpets.co.ua,8427,ok
leobox.ua,8896,ok
benks.com.ua,7859,ok
slastic.com,8916,ok
liquidacrylic.com.ua,9584,ok
la-torta.ua,14731,ok
gameland.com.ua,22362,ok
kzpo.com.ua,8670,ok
sladosvit.com,7916,ok
mamynihytroshchi.com.ua,10938,ok
wonderland-crafts.com,48126,ok
kartoteka.in.ua,11370,ok
diamantpol.com.ua,0,no_marker
avtomoda.com.ua,10436,ok
condorfishing.com.ua,8026,ok
europotolok.kyiv.ua,6222,ok
brizoll.com,13019,ok
haircosmetics.com.ua,8177,ok
poco.com.ua,8916,ok
realme-ukraine.com,7859,ok
mriya-home.com.ua,11023,ok
lavel.com.ua,9036,ok
domel.com.ua,0,no_marker
sleepcare.ua,33698,ok
kbvp.shop,8912,ok
japantrading.com.ua,9418,ok
mirok.com.ua,8329,ok
nerdik.club,7942,ok
zipup.com.ua,4658,ok
kultura.coffee,22901,ok
yulashop.com.ua,8916,ok
tusk.ua,12667,ok
topove.com,8916,ok
likargood.com.ua,4747,ok
armeyka.ua,6639,ok
dimtepla.com.ua,4063,ok
signs-store.com,18742,ok
bestfloor.com.ua,6258,ok
osome.ua,7925,ok
traverse.com.ua,9636,ok
mhw3bomber.com.ua,9414,ok
zaragoza.com.ua,9058,ok
outfitstore.com.ua,7916,ok
eurosegment.com.ua,4640,ok
grassnature.com,16129,ok
fenix-market.com,7930,ok
trikita.com.ua,9931,ok
euroservis.com.ua,0,no_marker
kima.ua,4640,ok
gradient.ua,9293,ok
nika-auto.com,6071,ok
petropolis.com.ua,9593,ok
sportigra.com.ua,6339,ok
ukostra.ua,9038,ok
brickstore.com.ua,8916,ok
ast-group.in.ua,3583,ok
ash-mobile.com.ua,10895,ok
artled.com.ua,6515,ok
belsta.ua,0,no_marker
proextreem.com.ua,17973,ok
activeshop.com.ua,9298,ok
artellshoes.com,5470,ok
eniki.com.ua,30693,ok
dmprint.store,7772,ok
cuplus.com.ua,11110,ok
tiandy.com.ua,4640,ok
svlavra.com,4640,ok
controllers.com.ua,9430,ok
r202x.com,5536,ok
container.beauty,9539,ok
deligroup.com.ua,5951,ok
dyvoson.com,9985,ok
riksi.ua,8739,ok
edem.dp.ua,8932,ok
rozental.farm,8916,ok
tehnomix.com.ua,9162,ok
vasylkivske-rancho.ua,8916,ok
tabachok.com.ua,5963,ok
vr-store.com.ua,5451,ok
shpalta.shop,8916,ok
zoloteryno.com.ua,10298,ok
meatlover.com.ua,4749,ok
magic-number.com.ua,8881,ok
knigi-na-balke.com,5077,ok
fishboat.com.ua,4655,ok
tobitreba.com.ua,8196,ok
ls2.com.ua,5951,ok
mobistyle.ua,4811,ok
rekuperator.in.ua,30052,ok
cartonic.com.ua,32944,ok
wellstore.com.ua,8916,ok
omnishop.com.ua,8515,ok
loco.in.ua,11452,ok
ezzyy.com.ua,6430,ok
box24.com.ua,11014,ok
tokio.com.ua,9056,ok
specovka.in.ua,8916,ok
salespot.com.ua,6562,ok
kum.com.ua,13492,ok
antpower.com.ua,4655,ok
tyaga.kyiv.ua,8916,ok
m-teh.com.ua,7916,ok
istochnik.com.ua,8020,ok
ua-coins.com.ua,7913,ok
elektrokraken.com,9305,ok
dospehi.com.ua,9626,ok
yas-poltava.com,19954,ok
limaso.ua,15027,ok
smakotti.com,9476,ok
catorange.ua,9086,ok
vs-market.net,8919,ok
keratin.pro,8893,ok
top-posuda.com,8905,ok
dsn.ua,9157,ok
ddbi.com.ua,8919,ok
skinel.com.ua,9530,ok
apple-people.com.ua,18830,ok
intboard-ukraine.com,9446,ok
frigom.com.ua,9346,ok
skyfarb.com,10633,ok
praktica.com.ua,8461,ok
pinguin-sport.com.ua,9952,ok
tokatta.com.ua,14291,ok
primavision.online,6032,ok
bartrigger.com.ua,39108,ok
tatkoplay.store,7913,ok
elinharness.com.ua,7913,ok
feelpower.com.ua,9035,ok
krauff.store,10155,ok
metshop.com.ua,4635,ok
gtm.co.ua,4640,ok
powerness.com.ua,7913,ok
dikoros-ua.com,20623,ok
asianbeautyandhealth.com,4826,ok
roomy.in.ua,8459,ok
advent.com.ua,5966,ok
gazobloki.com.ua,3586,ok
avtoday.com.ua,8389,ok
vaped.com.ua,6890,ok
sunterm.com.ua,9023,ok
green-edem.com.ua,9082,ok
flagberry.ua,14907,ok
zigzagsolutions.com.ua,8916,ok
vention.com.ua,9211,ok
ddwonder.com.ua,0,no_marker
tishotka.com.ua,10502,ok
krayinakorsetiv.com.ua,9957,ok
canapteka.ua,9511,ok
goodbaking.pro,10924,ok
progressteel.com.ua,6383,ok
kolo-grybiv.shop,9355,ok
latakva.com.ua,8542,ok
flyshop.com.ua,8946,ok
solar-volt.com.ua,8916,ok
shopi-game.com,6460,ok
elektrokonyk.com.ua,10052,ok
cable-ok.com.ua,9160,ok
ivoltinvest.com.ua,11277,ok
prodrone.com.ua,8869,ok
inparfume.com,9038,ok
ashka.com.ua,6557,ok
igroteco.com.ua,9700,ok
lakor.ua,9147,ok
m-g.com.ua,13567,ok
lazertac.com.ua,8920,ok
coil.com.ua,5246,ok
meeteorabeauty.eu,5795,ok
sea-audio.com.ua,9033,ok
yuka.ua,9543,ok
printec.com.ua,4750,ok
magazininstrumenta.com.ua,13226,ok
metabo.net.ua,4640,ok
aloevera.com.ua,13701,ok
livehealthy.com.ua,21609,ok
chaskrasy.com,9540,ok
foodsup.ua,10324,ok
hotpick.com.ua,7261,ok
elektro-aktiv.com,8931,ok
mediccosmetik.com.ua,4655,ok
hecht.ua,10077,ok
holland.one,8767,ok
blackout-shop.com.ua,11498,ok
ecohealth.com.ua,5563,ok
opt-sport.com.ua,4759,ok
js-aesthetics.com.ua,10226,ok
gluta.com.ua,8931,ok
alanakosmetiks.com.ua,9779,ok
epic3d.com.ua,8343,ok
e-motors.com.ua,5589,ok
fpower.com.ua,8621,ok
sdc.ua,4635,ok
mybilok.com,8668,ok
to-bi.com.ua,7859,ok
decor-shop.com.ua,6856,ok
dimparfum.com.ua,10322,ok
svitauto.od.ua,9536,ok
grandorf.ua,9545,ok
shurymury.ua,12007,ok
agro-f.com,8916,ok
postelok.com.ua,10194,ok
jojoba.com.ua,16329,ok
gold-tobacco.com.ua,5969,ok
vikkystyle.com,9532,ok
beautybell.com.ua,8916,ok
365store.com.ua,9133,ok
1zbv.com,4655,ok
beri.ua,8773,ok
babyki.ua,9023,ok
label-shop.com.ua,9023,ok
451book.com,5792,ok
m-win.com.ua,10266,ok
4pm.in.ua,8916,ok
450tactical.com,8585,ok
545style.com,8931,ok
24enduro.com.ua,10254,ok
4gadget.com.ua,12045,ok
vl-lingerie.com.ua,10261,ok
8ruk.com,8931,ok
2control.pro,8928,ok
domino-opt.com.ua,9711,ok
strike.com.ua,4640,ok
pxl.com.ua,0,no_marker
krakenshop.net.ua,7928,ok
forauto.com.ua,4640,ok
veloband.com.ua,11059,ok
velotrack.com.ua,8020,ok
kluczi.com.ua,11173,ok
underline.com.ua,10551,ok
drive-parts.com.ua,5774,ok
basefurniture.com.ua,8658,ok
nebonashe.com.ua,61,ok
agnia.com.ua,4640,ok
ecoloft.com.ua,10102,ok
laminat-parket.net,7913,ok
soho-perfume.com,8916,ok
spaceylon.com.ua,4696,ok
kram-market.com.ua,9530,ok
bbclub.ua,4640,ok
d-fortis.com.ua,10153,ok
pikasso.com.ua,7912,ok
buno.com.ua,10883,ok
coffee-service.in.ua,8919,ok
teysha.com.ua,10086,ok
tacticalkit.com.ua,9661,ok
robinzon-ua.com.ua,0,no_marker
gstore.ua,11171,ok
sontex.com.ua,18571,ok
svit-chaju.ua,16282,ok
craftprize.com.ua,8862,ok
slice.biz.ua,5966,ok
novabud.com.ua,4643,ok
svn.kiev.ua,16039,ok
chystaizha.com,8928,ok
lander.kiev.ua,8916,ok
restro.com.ua,13765,ok
homest.com.ua,5554,ok
safes-shop.com.ua,0,no_marker
bike-market.com.ua,13210,ok
zookrugshop.com.ua,8919,ok
ircom.in.ua,8928,ok
krokwood.com,8685,ok
tramp.ua,5951,ok
my-beer.com.ua,11251,ok
babachok.com.ua,5170,ok
spielew.com.ua,9313,ok
tealeaf.com.ua,15717,ok
energyua.com.ua,14006,ok
glance.ua,9590,ok
blankets.com.ua,10357,ok
liqui-moly.com.ua,7925,ok
zooshopik.com.ua,8529,ok
keramamix.com.ua,7913,ok
axent-shop.com.ua,8919,ok
medbaza.com.ua,10608,ok
fortunacigars.com.ua,7463,ok
drceuracle.com.ua,8795,ok
panfermer.com.ua,10249,ok
greenhome.in.ua,4629,ok
etsenergy.store,10399,ok
security-home.com.ua,10672,ok
ofkross.com.ua,4894,ok
leti.com.ua,5978,ok
binary.com.ua,0,no_marker
bar-service.club,4643,ok
sincera.ua,9204,ok
capital-production.pl,7926,ok
bag-bag.com.ua,5146,ok
wrestling.ua,8919,ok
miroshka.zt.ua,3583,ok
safe-lviv.com.ua,8916,ok
everest-centre.com.ua,5262,ok
angar7.com,8916,ok
squitter.ua,8705,ok
booster-lift.eu,6088,ok
get-app.com.ua,9448,ok
nutraxin.com.ua,8174,ok
fitocentr.com.ua,8906,ok
beelab.ua,9240,ok
svyatovhatu.com.ua,4652,ok
hantengry.com.ua,9157,ok
agroassistance.com,0,no_marker
truenutrition.com.ua,8928,ok
krokk.com.ua,32686,ok
bncosmetics.com.ua,4888,ok
teplofrank.com.ua,5951,ok
v-a.com.ua,8928,ok
spacefood.com.ua,78600,ok
malva-dreams.com.ua,5819,ok
miros.ua,9162,ok
dstrade.ua,5945,ok
woman-in-book.com,26019,ok
motolux.ua,7268,ok
mimare.com.ua,8916,ok
fakir.com.ua,7916,ok
tarpan.org.ua,9226,ok
bavkatoys.com,8370,ok
kyset.com.ua,6788,ok
morebooks.com.ua,10593,ok
uatac.tech,0,no_marker
navkolo-eco.com.ua,5641,ok
worldanimal.com.ua,4640,ok
willo.com.ua,8916,ok
sea-breeze.ua,4640,ok
purr.ua,8646,ok
alad.in.ua,8916,ok
dott.com.ua,20546,ok
jcb-tool.com.ua,8154,ok
kindlytech.com.ua,6491,ok
mushroomplace.com.ua,8916,ok
bigharvest.com.ua,4635,ok
tamtoys.com.ua,9023,ok
acsparts.biz,9039,ok
viskom.com.ua,6424,ok
rugone.com.ua,7928,ok
aries.top,10012,ok
nutsbox.ua,10107,ok
appexpert.ua,8918,ok
ahimsa.in.ua,10142,ok
uzvmarket.com.ua,5042,ok
atributmold.com,9364,ok
garminy.com.ua,9403,ok
premiersocks.com.ua,7909,ok
robinzon.in.ua,0,no_marker
ctr.ua,8916,ok
bijboom-opt.com.ua,8919,ok
domas.net.ua,10413,ok
evenflo.info,61,ok
canary.com.ua,0,no_marker
decorritualservice.com,7925,ok
baglandopt.com.ua,0,no_marker
flex-gel.com.ua,8931,ok
cyberstore.com.ua,183028,ok
perseus.com.ua,7927,ok
dmt.in.ua,9243,ok
hibrand.com.ua,5948,ok
elektrihka.com.ua,11881,ok
esllse.shop,10799,ok
gridmax.com.ua,9511,ok
airplus.com.ua,5610,ok
italtek.ua,6830,ok
hibrand1.com.ua,9537,ok
grovers.com.ua,5275,ok
kote.com.ua,8465,ok
lotusflower.com.ua,9030,ok
koloco.com.ua,8919,ok
mt.org.ua,5246,ok
merle.ua,4640,ok
marketingmercury.com.ua,3583,ok
postarfish.com.ua,13828,ok
prorazko.com,8931,ok
panzoo.com.ua,5966,ok
imperia-horeca.com.ua,9289,ok
rainbowcraftwork.com.ua,8916,ok
so-nytech.com.ua,8005,ok
kidzaza.com.ua,8538,ok
motohill.pl,7917,ok
sinart.me,24156,ok
smartzoo.in.ua,0,no_marker
hot-tools.com.ua,9785,ok
protatami.shop,7913,ok
vitplast.com.ua,6264,ok
timberplayua.com,8916,ok
solyashop.com.ua,9077,ok
tech.com.ua,5013,ok
wishlist.kyiv.ua,10372,ok
tesmobili.shop,8809,ok
modnemisto.ua,10068,ok
rescueready.com.ua,9005,ok
bibo.com.ua,7913,ok
meblivka.com.ua,4762,ok
todlib2b.com.ua,5185,ok
twomoms.com.ua,7913,ok
weeks.store,7914,ok
wbs.org.ua,9630,ok
prof-star.com.ua,8931,ok
fabiano.com.ua,38800,ok
charge2go.ua,9503,ok
bude.top,9706,ok
euroshrot.com.ua,10344,ok
grosser.com.ua,9289,ok
c4l.com.ua,8928,ok
glovehub.com.ua,12637,ok
wayzip.in.ua,10884,ok
senci.com.ua,8928,ok
green-optima.com.ua,8252,ok
primeauto-eu.com,9348,ok
colorterarita.com,26196,ok
your-new-life.com.ua,5951,ok
ledmark-design.com.ua,13776,ok
biotechimpulse.com.ua,8919,ok
pearl.com.ua,5013,ok
simple-art.com.ua,11225,ok
brustyle.com.ua,6197,ok
yes-ogorod.com.ua,4638,ok
gregorymill.com.ua,10398,ok
kupizamok.ua,10055,ok
tviyhid.com.ua,8916,ok
dtr.kiev.ua,6572,ok
voltinvest.com.ua,10334,ok
ambit-s.shop,8916,ok
siluetspirit.com.ua,8701,ok
tubik.in.ua,9287,ok
hillary.com.ua,10110,ok
veles-shop.com.ua,9515,ok
sewel.com.ua,9715,ok
strongvape.com.ua,6545,ok
vent-ustriy.com.ua,8247,ok
beleon.com.ua,8916,ok
escapist.com.ua,8916,ok
wantedwool.com,8021,ok
latarte.com.ua,8714,ok
decomo.com.ua,33217,ok
motoua.com.ua,4688,ok
boschtools.com.ua,9645,ok
babelaboratorios.pl,7860,ok
korobky.com.ua,9633,ok
frizlab.pl,8928,ok
kapibara.org.ua,13035,ok
delok.com.ua,10413,ok
breadtradition.com,8916,ok
total-energo.com.ua,8821,ok
altekmebel.bg,14359,ok
sea-tm.com.ua,4767,ok
i-loft-you.com.ua,76,ok
gastrooma.eu,8058,ok
vtopi.com.ua,8916,ok
pereval.org.ua,5516,ok
isweet.com.ua,6247,ok
expert-market.com.ua,11395,ok
global.berlous.com,8893,ok
lumpurini.com.ua,13314,ok
fgt.tools,6058,ok
odivator.com,8931,ok
vetmark.shop,88,ok
shopmod.kiev.ua,8916,ok
kvanto.com.ua,5849,ok
naturalno.com.ua,9042,ok
starttobacco.net,8928,ok
pelletmarket.shop,5952,ok
np1.com.ua,5951,ok
loncin.net.ua,8916,ok
lady-shop.com.ua,5874,ok
greenfish.com.ua,10496,ok
oneshot.com.ua,6923,ok
hozdom.com,9975,ok
divertito.com.ua,6546,ok
safe.kharkov.ua,8916,ok
platongold.com.ua,7913,ok
arhibis.net,7944,ok
frontgift.com.ua,12404,ok
sportdog.com.ua,8905,ok
more-doma.com.ua,0,no_marker
uni-t.com.ua,7034,ok
dreams.global,7913,ok
oxyboom.com.ua,8916,ok
dobradacha.com.ua,7913,ok
med.lviv.ua,11043,ok
torgoblservice.shop,8916,ok
creatie.com.ua,8918,ok
oneonone.com.ua,5951,ok
levanhome.com.ua,10428,ok
elektroslon.com.ua,5085,ok
alfa-glass.com.ua,11173,ok
reload.ua,28383,ok
ua.axioma.energy,9250,ok
booksity.net.ua,8916,ok
expert-24.com.ua,7859,ok
nutrigem.md,61,ok
verbshop.com.ua,7925,ok
surkoff.com.ua,9847,ok
dekamotors.com.ua,5962,ok
hifisalon.com.ua,4640,ok
laine.com.ua,7859,ok
caseyou.com.ua,5366,ok
scoober.com.ua,8928,ok
timeless.com.ua,8916,ok
ortosan.com.ua,9174,ok
medeuroexpress.com,8931,ok
freeki.ua,8916,ok
vusa.org.ua,10066,ok
fit-win.com.ua,7543,ok
thermolux.com.ua,5242,ok
khors.store,10702,ok
zepline.in.ua,5166,ok
polygonx.com.ua,7913,ok
manipulator.shop,9731,ok
topnasinnya.com.ua,10889,ok
dekey.com.ua,10089,ok
e-skfashion.ua,4640,ok
houseofsocks.com.ua,8914,ok
cooperr.com.ua,4640,ok
s2s-vision.com,0,no_marker
streetsoup.com.ua,10767,ok
ryativnyk.com.ua,8919,ok
malecha.co.ua,9998,ok
repsol.com.ua,8916,ok
crawtec.com,7913,ok
e-provisor.com,0,no_marker
mykite.kiev.ua,8061,ok
sviatkovyi.com.ua,11086,ok
space-power.top,9023,ok
svit-santehniki.com.ua,5549,ok
tato.org.ua,8916,ok
intimbutik.com.ua,4655,ok
lriker.ua,9539,ok
psibooks.com.ua,4655,ok
geekach.ro,8941,ok
caloriefan.com,8916,ok
storyscript.com.ua,17162,ok
electrity.com.ua,8916,ok
urozhay-agro.com,9800,ok
stezhka.com.ua,8919,ok
dentservice.com.ua,7966,ok
dyvooo.com.ua,7925,ok
ilovevictoria.com.ua,4640,ok
v-zoo.com.ua,5281,ok
m-i-r.com.ua,8854,ok
recare.com.ua,14696,ok
talantbooks.com.ua,0,no_marker
gruzfishdnipro.com.ua,8919,ok
bloomtech.com.ua,61,ok
md.brazil-prof.com,0,no_marker
elektroteplo.com,7913,ok
sumkivroddom.com.ua,10122,ok
tink.ua,12416,ok
nays.com.ua,4747,ok
vyalenaryba.com.ua,8916,ok
yapicasso.com.ua,8020,ok
fruit-boutique.com.ua,9479,ok
bestlavka.com,11438,ok
marshall-audio.com.ua,7859,ok
scatshop.in.ua,7915,ok
catpaws.com.ua,10376,ok
gidroterm-prom.com.ua,5906,ok
ovo-project.com.ua,4640,ok
ukr-sun.com,8916,ok
blokmarket.com,9275,ok
tacticua.com.ua,8020,ok
politeh.biz,5480,ok
quattro.shop,6686,ok
svitsvitla.com.ua,7913,ok
expertsecurity.md,9547,ok
saphir.ua,8520,ok
neman-mebel.com,20151,ok
secretdelivery.com.ua,9559,ok
grinvud.kiev.ua,5951,ok
tuut.com.ua,5010,ok
orangekitsune.com.ua,9358,ok
hotelservice.com.ua,4643,ok
wintera.com.ua,7913,ok
morpheus.com.ua,8427,ok
cimio.com.ua,8916,ok
korisnigadgeti.com.ua,11925,ok
starlineshop.com.ua,5243,ok
tochilka.com.ua,8916,ok
ultradim.com.ua,8931,ok
genergo.com.ua,9142,ok
dari-store.com.ua,9010,ok
blumenshop.com.ua,9675,ok
beelab.com.ua,0,no_marker
pancocos.com.ua,4640,ok
bilchenyatko.com.ua,9050,ok
ti-re4i.com,8916,ok
appiclean.com.ua,12792,ok
robinzone.ua,8916,ok
velet.com.ua,8928,ok
ukrprogres.com,8033,ok
clicklit.store,10175,ok
gryadka.in.ua,6339,ok
medhero.com.ua,9472,ok
bycongrp.co.ua,8931,ok
biolife.kiev.ua,9362,ok
zeus-game.ua,26993,ok
gastropartner.ua,7496,ok
topmeble.com.ua,6856,ok
zayahair.pl,9711,ok
kts.com.ua,5017,ok
puzzlenge.com.ua,9038,ok
funlove.com.ua,7913,ok
medrix.com.ua,7913,ok
profivac.com.ua,6698,ok
appleworld.ua,9219,ok
home-servise.com.ua,11241,ok
loqui.com.ua,8916,ok
polyabluka.ua,9197,ok
period.com.ua,10847,ok
aqua-vital.com.ua,5430,ok
raktar.com.ua,0,no_marker
voguey.shop,5013,ok
maroda.com.ua,18911,ok
sangig.shop,0,no_marker
in-style.com.ua,8931,ok
redpower.com.ua,7855,ok
uasignal.com.ua,4759,ok
matras-sklad.in.ua,4747,ok
karma-baskerville.pl,8934,ok
eavtonomka.com,6998,ok
kovdra.com.ua,8112,ok
postel-market.com,5241,ok
tatonka.com.ua,0,no_marker
vulpes.com.ua,7913,ok
charge2go.com.ua,0,no_marker
kapuni.shop,31062,ok
jubi.ua,8020,ok
zayahair.com,8893,ok
legko-sad.com.ua,9418,ok
technikaplace.com.ua,9959,ok
service-pack.kiev.ua,5951,ok
zalizo.in.ua,8916,ok
konabikes.com.ua,9472,ok
koufukunainu.com,7666,ok
securitylab.com.ua,10834,ok
bolove.com.ua,8468,ok
solmaz.com.ua,4655,ok
pro-konditer.com.ua,9286,ok
separator.com.ua,8931,ok
on-device.com.ua,5013,ok
decozamoms.com,7859,ok
osnastka.kyiv.ua,8916,ok
b2b.idealsport.com.ua,7928,ok
pidlogavdim.com.ua,5249,ok
budservis.top,8063,ok
teknosel.in.ua,9571,ok
luxurylinens.ua,8510,ok
prime-parket.com.ua,8521,ok
icl.in.ua,8931,ok
fishdrink.com.ua,7916,ok
hata-maistra.com.ua,7925,ok
adarafashion.com,7913,ok
mirid.ua,5966,ok
stilbudmarket.com.ua,9678,ok
veloliga.com.ua,4640,ok
zoochill.com.ua,9815,ok
nanosvit.com,8919,ok
agrodana.com.ua,8916,ok
topdom.in.ua,5053,ok
ilma.com.ua,8916,ok
nika-electro.com.ua,40292,ok
ikradim.com.ua,8916,ok
kraschiknygi.com,8916,ok
auraskin.com.ua,8998,ok
barber-store.com.ua,8931,ok
shower-room.com.ua,7775,ok
dry-towel.com.ua,8109,ok
domeshop.com.ua,9888,ok
delaemvorota.com.ua,4623,ok
3dwayshop.com.ua,9472,ok
novacon.com.ua,7928,ok
thermotrade.com.ua,4640,ok
olly-shop.com.ua,5966,ok
silikoni.com.ua,9595,ok
ravistobloom.com,8931,ok
keratinpro.pl,8912,ok
nisima.ua,17432,ok
lovelybookstore.com.ua,8928,ok
bios.com.ua,5951,ok
zapalyizatyshok.com.ua,55961,ok
bootsvaga.com,5059,ok
inter.if.ua,5355,ok
atmolight.com.ua,8020,ok
hazardous.com.ua,6811,ok
tviymacbook.com,3583,ok
vsetak.com.ua,9708,ok
mrshampur.com,8931,ok
capsula.best,7459,ok
darochka.shop,9355,ok
joypoint.ua,8788,ok
alegria.com.ua,7913,ok
underwu.com.ua,8916,ok
roks.org.ua,8916,ok
antena.md,9843,ok
gardenlux.com.ua,8928,ok
profibenzo.com.ua,8916,ok
clad.in.ua,9432,ok
belker.com.ua,8911,ok
macon.sale,4785,ok
agrosyla.com.ua,8002,ok
motomarket.ua,5797,ok
halmar.kiev.ua,5385,ok
smarttel.ua,6734,ok
kostastore.com,9591,ok
tehnoterm.md,9473,ok
anser.in.ua,8515,ok
krasolia.ua,9026,ok
banknotes.zp.ua,5945,ok
hott.com.ua,8916,ok
mriya.agency,4640,ok
revolt-tools.com.ua,9289,ok
kvitka-distribution.com.ua,5515,ok
profipas.com.ua,11502,ok
antiquesfactory.net,8894,ok
naftalan.group,10187,ok
juicybeauty.com.ua,8916,ok
stop-trend.com.ua,6856,ok
shop.sladosvit.com,0,no_marker
tradeone.com.ua,8928,ok
topiki-shop.com.ua,7859,ok
triton-ua.com,4640,ok
tehsys.com.ua,7956,ok
fabrika-matrasiv.kiev.ua,5625,ok
peremychka.com.ua,8948,ok
sailbox.in.ua,6557,ok
swissmade.com.ua,9525,ok
ritdye.com.ua,9543,ok
greenup.com.ua,8928,ok
sushenaradist.com.ua,9057,ok
homecity.com.ua,5854,ok
oksar.com.ua,8916,ok
autoservice.ck.ua,4640,ok
fabrikauspihu.com.ua,8585,ok
landof.gifts,5042,ok
motorsoil.com.ua,9035,ok
tortiki.com.ua,7913,ok
anfilada.com.ua,8934,ok
fish.net.ua,8928,ok
triggerdrinks.com.ua,5071,ok
tools-store.com.ua,10099,ok
jumbi.com.ua,8916,ok
mixmalevich.com,0,no_marker
kvitkova-feeriya.com.ua,8916,ok
starmax.com.ua,8912,ok
canapteka.com.ua,0,no_marker
diethub.com.ua,4640,ok
tartufi.com.ua,0,no_marker
atlantisparts.com.ua,5431,ok
dimpodologii.store,4640,ok
fisher-price.com.ua,4658,ok
elf-mart.com,8931,ok
profit-market.com,5089,ok
readbox.com.ua,10041,ok
roow.com.ua,10227,ok
taisshop.com.ua,8931,ok
veronese.ua,8931,ok
stypos.com.ua,10121,ok
hevea.ua,5347,ok
zoofabrika.com.ua,9511,ok
brand-for-brands.com.ua,15318,ok
allzip.com.ua,4655,ok
avtokniga2015.com.ua,8931,ok
asishop.com.ua,9704,ok
biserua.com.ua,8864,ok
riko.in.ua,6639,ok
dynamic.net.ua,9362,ok
happyshopping.com.ua,8916,ok
knip.com.ua,3579,ok
zella.ua,6123,ok
metworkua.com,6175,ok
magnus.md,7987,ok
oneplus.pro,8288,ok
master-shop.md,9550,ok
abeautybar.com.ua,8034,ok
lite.kyiv.ua,10277,ok
sender.com.ua,9962,ok
mardalcables.com,0,no_marker
hyundai-technics.com,9494,ok
inshaproducts.com,4935,ok
televizor.com.ua,5234,ok
planeta-sport.com.ua,8934,ok
haircheck.store,7913,ok
moonchel.com.ua,8916,ok
svetr.com.ua,8352,ok
doublehitshop.com,8887,ok
thehouse.com.ua,10433,ok
safecity.in.ua,9035,ok
megstore.com.ua,8459,ok
termo-system.com.ua,5797,ok
apexshop.com.ua,8928,ok
terma.org.ua,5079,ok
flames.com.ua,8211,ok
velomaks.com.ua,9522,ok
bodycar.com.ua,10397,ok
dnka.store,10675,ok
marbleclo.com.ua,14936,ok
snaryaga.dp.ua,5951,ok
barni.in.ua,8931,ok
r2play.com.ua,10029,ok
asdmarket.com.ua,4655,ok
lamodno.com.ua,0,no_marker
yousee.com.ua,5712,ok
bloomcosmetics.com.ua,7928,ok
dustwell.ua,4640,ok
esseskincare.in.ua,10656,ok
hoverla.ua,7913,ok
zadavaka.net,7736,ok
hypershellukraine.com,8916,ok
opsshop.com.ua,8916,ok
kubiland.shop,5963,ok
diskpro.com.ua,7913,ok
palinochkashop.com.ua,4655,ok
santechera.com.ua,8916,ok
teplohub.com,4652,ok
tingomebli.com.ua,7928,ok
bikermarket.ua,7913,ok
reclaire-cosmetica.com,9025,ok
trenagershop.com.ua,8916,ok
sneakers-kross.com.ua,9426,ok
silakarpat.online,46326,ok
getstyle.ua,8916,ok
prime-x.ua,8916,ok
99ideas.com.ua,8404,ok
modernosclasicos.com.ua,9000,ok
berlous.com,9611,ok
sircoffeeman.com.ua,8916,ok
hartmann24.com.ua,6061,ok
prime-service.com.ua,6418,ok
gold-postelka.com.ua,4640,ok
vg-group.kiev.ua,8916,ok
mini-bar.com.ua,9056,ok
thinkcar.ua,9474,ok
agroshop-top.com.ua,10175,ok
euro-invertor.com.ua,6856,ok
deyarda.com.ua,8920,ok
tikivam.com.ua,12397,ok
postavki.shop,5013,ok
candleshop.com.ua,22701,ok
by-sugar.com,9289,ok
taiemnytsia.com.ua,8916,ok
rimcos.com.ua,8916,ok
petiteflacons.com.ua,8916,ok
avtociti.com.ua,8105,ok
arkaplast.store,5951,ok
angelu.com.ua,14971,ok
cheapest.com.ua,5951,ok
knipex-shop.com.ua,0,no_marker
polyboots.com.ua,8916,ok
led.net.ua,9050,ok
deiman.pro,9200,ok
holsthub.com,8928,ok
imishop.com.ua,8070,ok
atl.in.ua,7913,ok
kukirin.com.ua,10414,ok
more-doma.ua,8035,ok
snamiplus.com.ua,9742,ok
diogen.site,7060,ok
applehome.com.ua,5963,ok
rozvyvashka.com.ua,4640,ok
quadcopters.com.ua,656,ok
e-skfashion.com.ua,0,no_marker
ceramtop.com.ua,8928,ok
roco.com.ua,8919,ok
domofonsystem.com,5913,ok
kancport-opt.com,8919,ok
karpatskyylik.com,8916,ok
kaiser-service.com.ua,8020,ok
megaprint.kiev.ua,10767,ok
magicnail.com.ua,5928,ok
moli-group.com,9134,ok
streetsoup.global,9042,ok
kerlite-service.com,8323,ok
diagexperts.com,4620,ok
circusforyou.com.ua,6058,ok
niva.com.ua,5963,ok
hydrasence.com,9289,ok
smartlighting.ua,4652,ok
safekevlar.com,5951,ok
manik.net.ua,8916,ok
aquapro.com.ua,8087,ok
kaetana.com.ua,8896,ok
st.net.ua,8928,ok
rmdom.com.ua,8931,ok
svitlopack.com,8916,ok
amazonas.com.ua,4650,ok
vasyadiagnost.pro,0,no_marker
highline.com.ua,7682,ok
u-protect.com.ua,27971,ok
2smart.com.ua,14736,ok
bulatochka.pl,8119,ok
oksangelus.com.ua,7913,ok
tsb.com.ua,8931,ok
do-domy.com.ua,5963,ok
postart.city,8919,ok
agrilite.com.ua,8916,ok
ram-t.com.ua,4750,ok
lock-door.com.ua,4640,ok
kontraxim.net.ua,8208,ok
redpower.ua,7855,ok
desire.org.ua,8916,ok
clickstore.com.ua,17195,ok
militaryshop-power.com.ua,8931,ok
poof.in.ua,4635,ok
drukaryk.com,4642,ok
stemtoys.com.ua,5139,ok
zaba.com.ua,7928,ok
electrocontact.com.ua,11903,ok
pbg.com.ua,7913,ok
nogotok.store,7859,ok
ebrand.ua,10848,ok
modjo.shop,5779,ok
asg-shop.com.ua,8928,ok
rodri.com.ua,6856,ok
atp-agro.com.ua,4640,ok
varenikbar.ua,5845,ok
avtolava.com.ua,8916,ok
youcanna.com.ua,9023,ok
sport-on.com.ua,8931,ok
koreyakosmetika.shop,9620,ok
h-energy.com.ua,9010,ok
amk.ms,8918,ok
vov.beauty,8916,ok
luh.com.ua,9168,ok
prohobby.ua,10362,ok
mardal.ua,8038,ok
steepen.ua,5411,ok
healthydoggo.ua,9363,ok
target.com.ua,8928,ok
publisher25.in.ua,8928,ok
evt.in.ua,8916,ok
tattooroom.com.ua,9221,ok
dflora.com.ua,10872,ok
nubea.com.ua,8186,ok
marena.com.ua,10601,ok
lamodno.ua,8916,ok
ester.co.ua,7913,ok
veronese-ukraine.com,8504,ok
sporttimeua.com,9215,ok
fruityland.com.ua,11253,ok
bosleymd.com.ua,8433,ok
bonsso.com.ua,0,no_marker
eurofilter.shop,5898,ok
umelye-ruchki.com.ua,9923,ok
natole.com.ua,4652,ok
mega-bay.com.ua,9659,ok
fitvector.shop,8916,ok
aquaterm.md,7952,ok
decoralis.com.ua,5568,ok
pechatkaservice.com.ua,5989,ok
gold24.com.ua,12710,ok
fuze.in.ua,8816,ok
krosseller.com.ua,9065,ok
myaki-mebli.com.ua,8328,ok
3d-smart.com.ua,5951,ok
mavkashop.com.ua,8931,ok
3dlogovo.com.ua,8931,ok
crooz.in.ua,14521,ok
semplay.com.ua,5010,ok
the-real.com.ua,6321,ok
pimoto.com.ua,10542,ok
3atyshok.com.ua,7913,ok
look-angel.ua,6058,ok
ALF.com.ua,4655,ok
tosteroni.ua,8269,ok
Alf.com.ua,4655,ok
vpsvape.com.ua,9522,ok
3dprofi.com.ua,5594,ok
3samuraisuchi.com.ua,7925,ok
3dstayer.com.ua,8916,ok
48kilometer.com.ua,10486,ok
1velo.com.ua,6559,ok
skutti.com.ua,4640,ok
abc-life.com.ua,8916,ok
PRIMAVISION.online,6032,ok
accfilter.com.ua,8916,ok
acdc-center.com,6819,ok
actual-power.com.ua,8916,ok
acosmetics.com.ua,7913,ok
activeman.com.ua,12346,ok
abvhimiya.com.ua,4652,ok
aeratorzerna.com,10506,ok
activebeam.com.ua,16020,ok
abcase-opt.com.ua,23711,ok
agratika.cz,8887,ok
ady.com.ua,4640,ok
activity.uz.ua,8339,ok
agro-force.in.ua,8916,ok
a2k.com.ua,25712,ok
agent-car-security.ua,9286,ok
adelaine.com.ua,9432,ok
abt.com.ua,9374,ok
agrimpex.pl.ua,4757,ok
acpointt.com.ua,8916,ok
agrokum.com.ua,10253,ok
agrodopomoga.com,13788,ok
agrod.com.ua,8931,ok
agrosvit.org.ua,10171,ok
agromaks2020.com.ua,5120,ok
agrotakt.com.ua,10171,ok
agroteh.shop,5396,ok
agrotexsvit.com.ua,4640,ok
agronabir.com.ua,13789,ok
alarms.com.ua,8916,ok
alexavon.com.ua,5966,ok
akolobok.com.ua,10870,ok
agroteka.com.ua,13872,ok
alex-hair.com,4729,ok
agropanda.com.ua,9699,ok
akb-strong.com.ua,8916,ok
alexandrinam.store,8916,ok
alf.com.ua,4655,ok
alexes.com.ua,8463,ok
aimpro.com.ua,5013,ok
agrovet.ua,4754,ok
alarm-systems.com.ua,10461,ok
alextools.com.ua,8928,ok
ali-mobiletron.tech,8916,ok
alfa-service.com.ua,8916,ok
alfaprylad.com,9216,ok
alexandron.shop,7913,ok
alfarro.com.ua,8916,ok
alfik.com.ua,8916,ok
alite.com.ua,7951,ok
alieva-beauty.com.ua,5951,ok
all.if.ua,4651,ok
akumulatorx.com.ua,9211,ok
alleo.ua,6818,ok
am-pm.com.ua,9408,ok
alfagrafic.ua,4649,ok
altana-bud.com.ua,6548,ok
altepsite.com.ua,9678,ok
allskin.com.ua,0,no_marker
allforsolar.com.ua,8916,ok
amtmarket.com.ua,7913,ok
ampprime.com.ua,10004,ok
amonra-energy.com.ua,4643,ok
altina.com.ua,9117,ok
anikakross.com.ua,8931,ok
alpinarij.com.ua,4894,ok
allprotein.store,8916,ok
amulet4me.com,7925,ok
anua.com.ua,9023,ok
amwshop.com.ua,9773,ok
anelleasecret.com,8916,ok
anusept.com,12548,ok
alonzo.com.ua,6586,ok
animal-partner.com.ua,8928,ok
andtool.online,8916,ok
ansori.com.ua,4082,ok
aqualite.ua,4655,ok
annagrinkoshop.com.ua,4640,ok
apoz.com.ua,9288,ok
ap-smart.com.ua,8916,ok
apteka.kim,9035,ok
applepen.com.ua,8916,ok
ardema.com.ua,9035,ok
apolonics.com.ua,8929,ok
appletech.com.ua,6550,ok
arabadzhy.com.ua,4640,ok
aquacentr.com.ua,8916,ok
aquaflame.com.ua,5951,ok
arhimed.com.ua,8099,ok
arb4x4.com.ua,9301,ok
aroundyou.com.ua,13711,ok
aroma-bouquet.com.ua,8931,ok
apriori-united.com.ua,8919,ok
aretta7x.com,5951,ok
arizon.com.ua,6557,ok
aroma-chudesa.com.ua,7928,ok
aromavidahome.com,8916,ok
arson.com.ua,9286,ok
aromaboom.com.ua,4640,ok
arstcrt.com.ua,8919,ok
aromagood.com.ua,8032,ok
artea.com.ua,8916,ok
aquaura.com.ua,11591,ok
arsenal-ua.com.ua,8916,ok
arium.com.ua,8916,ok
artisbags.com.ua,7925,ok
art-on-medal.com,9419,ok
artruta.com.ua,8916,ok
artist.in.ua,8700,ok
asarin.com.ua,8916,ok
asia-goods.com.ua,8916,ok
artonstyle.com.ua,8928,ok
artofskin.com.ua,8916,ok
art-winni.com.ua,10083,ok
autoaksimus.com.ua,61,ok
attie.com.ua,7925,ok
asvitlabiser.com.ua,8919,ok
aspor.shop,8928,ok
atelier-13.com,7913,ok
auto-style.website,8928,ok
atlgroup.com.ua,8919,ok
athlex.website,5951,ok
audsa.com,4652,ok
arxanshop.com.ua,4640,ok
autogaspoint.com.ua,7925,ok
autobag.ua,4640,ok
autobooster.com.ua,9023,ok
autoemblema-opt.com.ua,8928,ok
autopartner.net.ua,14812,ok
autolavka.com.ua,8916,ok
ast-zap.com.ua,13774,ok
autopartsx.com.ua,4640,ok
autoteile.com.ua,8916,ok
autotechservice.com.ua,8916,ok
avomi.com.ua,4655,ok
autors-cosmetics.com.ua,4652,ok
autometizstore.com.ua,8916,ok
avmpro.com.ua,9906,ok
autotrends.com.ua,8916,ok
avtoholik.com,6694,ok
avengeangel.com.ua,12274,ok
autocristal.in.ua,5951,ok
avanprint.ua,4980,ok
avtoinstrumentik.com.ua,4640,ok
avtocomfort.shop,9301,ok
avtorevers.com.ua,14886,ok
babaka.com.ua,61,ok
ayurveda-soul.com.ua,8884,ok
avto-shumo-evaplast.shop,9023,ok
axiom.com.ua,0,no_marker
avantage-tools.com.ua,5897,ok
avtodrib.com.ua,8916,ok
b-studio.lviv.ua,9524,ok
bafy.in.ua,5951,ok
baby.kiev.ua,7135,ok
bacotahills.com,8931,ok
bakepro.com.ua,4643,ok
babykidss.com.ua,10559,ok
babanadya.com.ua,8916,ok
bagetik.com,9522,ok
balabin.com.ua,12048,ok
babuy.com.ua,8716,ok
avtosvitlo.com,9301,ok
bagmaster.com.ua,4640,ok
basa-shop.com.ua,8931,ok
bantiki.pp.ua,8928,ok
awind.com.ua,5951,ok
bagros.com.ua,5951,ok
barber-club.com.ua,5246,ok
ballisticgroup.store,8916,ok
base.in.ua,8928,ok
bamboo-gilzy.com,9303,ok
bavna.ua,10269,ok
basket-shop.com.ua,9489,ok
bazazip.in.ua,5951,ok
baum.in.ua,5951,ok
baseartua.com,59721,ok
avtoprostor.com.ua,8911,ok
bananahall.com.ua,10285,ok
bazaua.com,8916,ok
beautyaura.com.ua,8928,ok
beautyok.com.ua,8916,ok
beautymulti.com.ua,8916,ok
beastyle.com.ua,5951,ok
beesmail.com.ua,8931,ok
beauteful-shop.com,8916,ok
barber-set.com.ua,4747,ok
balda.ua,8928,ok
bepower.com.ua,61,ok
bellacandelastudio.com,7928,ok
bbtoys.com.ua,7913,ok
behappybaby.com.ua,8916,ok
bestik.com.ua,61,ok
beko.sale,0,no_marker
belliss.com.ua,7925,ok
benihome.com.ua,26523,ok
beneliss.com.ua,8928,ok
bestplus.com.ua,5969,ok
bezdoganno.com,8931,ok
berrybar.com.ua,8928,ok
bestvelo.com.ua,9315,ok
bgstore.com.ua,8916,ok
bezpekaopt.com.ua,6965,ok
beroze.ua,8916,ok
bestoptic.store,4652,ok
bemax.com.ua,9394,ok
bioink.com.ua,5951,ok
bilakross.com,7913,ok
biggift.com.ua,5838,ok
bevelheels.com,7913,ok
best-linza.com.ua,5717,ok
bionic.in.ua,8928,ok
black-box.md,7873,ok
bestpufua.com,7913,ok
blade.best,8916,ok
bilpromrukav.com.ua,8931,ok
bijouwill.com.ua,9706,ok
bionskincare.com.ua,8916,ok
bolci.com.ua,7928,ok
bnwtech.com.ua,8916,ok
bom-bom.com.ua,4655,ok
bober.md,0,no_marker
bofort.shop,9035,ok
blokky.com.ua,9023,ok
bodycarsolutions.com,8666,ok
bondarukstore.com.ua,8919,ok
blackraven.store,8916,ok
blossom-textil.com,4652,ok
bonsso.ua,9157,ok
bookhut.com.ua,14783,ok
blom.com.ua,10800,ok
booksgames.com.ua,8916,ok
boomcosmetic.com.ua,5234,ok
boss-diagnost.com,4640,ok
boikovmonety.com.ua,11205,ok
botox.com.ua,4932,ok
bookwin.com.ua,7913,ok
bmw-paradise.com.ua,8916,ok
boss-pc.com.ua,8947,ok
bolgarka.com.ua,9052,ok
bramoms.com.ua,7928,ok
bookzhook.com.ua,7981,ok
boyandgirltoys.com,8035,ok
bounce.ua,4640,ok
bookhaven.com.ua,4938,ok
brandcase.com.ua,8928,ok
broadway-cosmetics.com,8931,ok
bravomebli.com.ua,8928,ok
botessa.site,8924,ok
brigadir-klass.com,4652,ok
bu-group.com.ua,7859,ok
brewservice.net.ua,6740,ok
brickstone.md,8932,ok
bryk-lider.od.ua,8916,ok
bubbletea.kiev.ua,8916,ok
buyers.com.ua,61,ok
budmarket-vash-dom.com,8916,ok
bytewave.com.ua,7184,ok
budlevel.com.ua,8916,ok
budsale.com.ua,8916,ok
calmbabe.com.ua,6856,ok
cansa.com.ua,9524,ok
candycraft.com.ua,8916,ok
buygood.com.ua,9035,ok
calmetedecor.com,14639,ok
candymom.com.ua,8916,ok
bukiet-na-prezent.pl,9753,ok
caparol.in.ua,0,no_marker
campingtools.com.ua,8916,ok
casatehno.md,4633,ok
centerbezpeku.com.ua,11244,ok
cargocontrol.md,8929,ok
capigr.com.ua,8931,ok
caseart.com.ua,5963,ok
car-store.com.ua,9010,ok
catchit.ltd,10046,ok
carvibe.com.ua,7859,ok
carluxe.com.ua,8916,ok
ceramics.co.ua,8916,ok
casto.com.ua,7859,ok
chem-point.pl,76,ok
centersantehniki.com,9759,ok
catbags.com.ua,8600,ok
checkpoint-italy.com,8931,ok
ceresit.one,9292,ok
caskade-store.com.ua,9010,ok
cheesesweets.com,0,no_marker
chakkee.ua,5951,ok
chakarunamarket.com,9673,ok
cennamo.com.ua,8928,ok
cheeseshop.com.ua,5962,ok
chiarafirenzeua.com,8916,ok
cashservice.com.ua,5221,ok
chimprint.com.ua,6963,ok
chytatytsemodno.com,3583,ok
chystodim.com,8916,ok
chelsy.com.ua,8916,ok
chromhub.com.ua,9676,ok
climatehnik.com.ua,8916,ok
civilzakhyst.com.ua,8916,ok
chinesemedicine.com.ua,8611,ok
climate-system-ukraine.com.ua,8916,ok
cherel.com.ua,11653,ok
chopchop.com.ua,7916,ok
chooseyourshoes.com.ua,8916,ok
cloudysmoke.com.ua,7913,ok
cicada-ukraine.com.ua,8916,ok
cloud-candy.com.ua,8928,ok
clipperde.com.ua,9035,ok
cometacosmetic.com,7968,ok
colorgift.md,9226,ok
commander.com.ua,5951,ok
complektv.com.ua,7913,ok
comoyo.online,13481,ok
controllhome.com.ua,8916,ok
comforthouse.net.ua,6664,ok
coffeerman.com.ua,8919,ok
comfortcorner.in.ua,9132,ok
comradcars.com.ua,9788,ok
controls.com.ua,8344,ok
contract-pack.com,6889,ok
condom-dealer.store,8916,ok
cordina.com.ua,8934,ok
comfisher.com.ua,8916,ok
cool-breeze.com.ua,9522,ok
contact-kolomyia.pp.ua,9023,ok
cornix.ua,9914,ok
coolpack.com.ua,7859,ok
cosberry.com.ua,7913,ok
club-rukodelia.com,9638,ok
cosmelia.com.ua,4655,ok
cosmetochka.shop,8916,ok
cosmeticsland.com.ua,4747,ok
cosmeticslt.com.ua,8916,ok
cosmolips.com.ua,8931,ok
corkcentre.com.ua,5951,ok
cosmocevtica.com,10544,ok
cosmodream.com.ua,7859,ok
cosmeticksu.shop,4640,ok
cosmeticworld.com.ua,5328,ok
cosmetikaboom.com.ua,8916,ok
cosmetaline.kiev.ua,6152,ok
cosmemiss.com.ua,8916,ok
cosmodo.com.ua,8916,ok
cottonhome.site,4989,ok
craftstore.in.ua,5951,ok
csi.net.ua,13402,ok
curuba.com.ua,8928,ok
crystalcar.com.ua,8916,ok
cozyolyastore.com.ua,8916,ok
daikon.com.ua,5951,ok
cubastic3d.com.ua,0,no_marker
craftmaister.ua,9497,ok
craftz.com.ua,9286,ok
darmovka.com.ua,8298,ok
curtis.com.ua,11768,ok
curlshop.com.ua,9255,ok
dakimakura.in.ua,9959,ok
dannytiny.ua,8916,ok
daske.md,8929,ok
cosychoice.com.ua,6963,ok
ddkua.com.ua,4899,ok
cyberix.com.ua,8916,ok
decorcake.com.ua,6388,ok
decor4you.biz,8894,ok
decorator.dp.ua,8916,ok
cosmo-l-beauty.com,8916,ok
deeply.ua,8919,ok
dekor-home.com.ua,9508,ok
denimtrade.com.ua,4030,ok
decorflora.com.ua,8916,ok
delight.com.ua,10260,ok
design-trading.kiev.ua,0,no_marker
delfin18.com.ua,8916,ok
desireart.com.ua,9030,ok
deus.com.ua,6976,ok
deom.com.ua,8916,ok
dep-skin.com,8081,ok
dfadekor.store,0,error:TypeError
destar.com.ua,7913,ok
deyeinverter.in.ua,8916,ok
devicenest.com.ua,8916,ok
dgeorgik.com.ua,10190,ok
detaly.tech,5951,ok
defender.in.ua,4643,ok
daisy-market.com.ua,6327,ok
deshevak.com.ua,8916,ok
didlykhozor.com,5263,ok
digital-snail.com.ua,8916,ok
diksik.com,8931,ok
dimmax.com.ua,9045,ok
diamondlash.com.ua,5951,ok
dimdverey.in.ua,8677,ok
dinatex.com.ua,8916,ok
dexstore.com,9023,ok
dim-energy.com,9572,ok
di-store.com.ua,5432,ok
dimaro.com.ua,4640,ok
dimko.in.ua,9286,ok
dinobar.shop,8916,ok
dicetech.com.ua,8916,ok
dimdzerkal.com.ua,9663,ok
dinos.com.ua,7913,ok
divex-group.com,7913,ok
divapharm.com.ua,8916,ok
doakt.com,8283,ok
dishopsmart.com.ua,9522,ok
diva-lingerie.com,9156,ok
dodas.com.ua,8002,ok
dogstock.store,8928,ok
dogsmile.com.ua,8919,ok
diyko.net,8916,ok
dneprzoo-royal.dp.ua,5951,ok
diusidoors.com.ua,9137,ok
dok27.com,8916,ok
doletiv.com.ua,61,ok
diversity-shop.com,9568,ok
dokamebel.com.ua,7913,ok
domisto.com.ua,16663,ok
domo.ua,9739,ok
dolcemarmellata.com,9522,ok
doorfit.com.ua,5156,ok
domchek.com.ua,4641,ok
drinkins.com.ua,5951,ok
dollland.net.ua,9741,ok
domofonservice.md,5942,ok
dritko.com,5963,ok
doshchovyta.shop,8916,ok
doublebeats.com.ua,5398,ok
dreamarium.shop,9023,ok
drive-tech.com.ua,8916,ok
druknametali.com.ua,7928,ok
dsmoda.com.ua,9126,ok
dreamon.com.ua,8916,ok
ducale.com.ua,5248,ok
duvoflora.com.ua,7913,ok
drivetechno.com.ua,8916,ok
dukach.com.ua,8919,ok
dream.org.ua,8911,ok
dzerkalnyi.com.ua,7928,ok
dudcom.com.ua,8916,ok
e-drone.com.ua,5966,ok
dvadubky.com,4747,ok
drt.com.ua,6603,ok
dzerkalniy.com.ua,5951,ok
dvavto.pro,13776,ok
dverilock.com.ua,7239,ok
dystero.com.ua,9023,ok
dyvohome.shop,8519,ok
e-generator.com.ua,8916,ok
eck.com.ua,8934,ok
easymarket.kiev.ua,8916,ok
ecclimate.com.ua,9663,ok
e-autoparts.com.ua,8670,ok
eco-obigriv.com,9984,ok
ecogreen-everyday.com.ua,7913,ok
ecovolt-ua.com,61,ok
ecoshop.in.ua,7928,ok
east-gear.com,8923,ok
ekotermo.com.ua,10551,ok
ehub.kyiv.ua,5951,ok
ecohealthy.ai,8928,ok
ecolavka.in.ua,8916,ok
eldim.com.ua,9023,ok
edilos-medical.com.ua,13774,ok
efarmpro.com,8894,ok
elecrix.com.ua,8916,ok
ekvatorsmaku.com.ua,8916,ok
e-staff.in.ua,9289,ok
edupaka.in.ua,9426,ok
elanday.com.ua,14792,ok
elanikid.com.ua,8916,ok
elektryka.shop,8931,ok
elite-peony.com,3583,ok
elektromagazin.kiev.ua,11558,ok
embrace.com.ua,7928,ok
emkosty.com,13789,ok
e-zahyst.in.ua,5954,ok
elfik.cc,8927,ok
elitesport-ua.com,5963,ok
elekta.com.ua,15599,ok
electrica-store.com.ua,7913,ok
elektrothor.trade,8918,ok
electicbike.com.ua,5385,ok
elfbarkhmel.com,0,no_marker
energyhub.shop,8931,ok
erasantehniki.com,8780,ok
epod.com.ua,8911,ok
es-ukraine-shop.com.ua,38033,ok
enigma.kiev.ua,5951,ok
escosmetics.com.ua,8916,ok
endi.com.ua,8916,ok
energysale.com.ua,7913,ok
epoxystore.com.ua,8916,ok
erudytyk.com.ua,5951,ok
essentianature.com.ua,8916,ok
energosmart.com.ua,8928,ok
elkipalkinoviygod.com.ua,4652,ok
emberway.com.ua,8916,ok
eurofarba.com.ua,4655,ok
estheticwoman.com,8918,ok
eurolavka2020.com.ua,8931,ok
eticom.com.ua,8916,ok
espreso-service.com.ua,8916,ok
euro-kraski.com.ua,4640,ok
etac.in.ua,9286,ok
etu.net.ua,4640,ok
evdim.com.ua,4655,ok
evaplast-pazl.com.ua,8916,ok
eurostill.shop,8916,ok
ezlt.com.ua,61,ok
eternite.com.ua,6831,ok
evrosvit.com.ua,8916,ok
extracty.com.ua,12847,ok
evrofood.com,8928,ok
ezakupki.com.ua,9661,ok
euromatras.com.ua,5579,ok
farby.org.ua,61,ok
ext.com.ua,7913,ok
farba-and-decor.com.ua,8931,ok
fantix.com.ua,8916,ok
expert-beauty.com.ua,4658,ok
f-tech-studio.com.ua,5248,ok
factura.in.ua,9539,ok
faika.com.ua,8916,ok
faiarts.com.ua,9542,ok
favorov.com.ua,9196,ok
faynashop.com.ua,8032,ok
falco.com.ua,9041,ok
faceme.com.ua,11090,ok
favormebli.com.ua,7913,ok
farmag.com.ua,6045,ok
feeltrui.coffee,9439,ok
fav1.com.ua,8916,ok
feelsua.store,9699,ok
fialkiodesa.space,4640,ok
fellerbike.com.ua,7925,ok
fioribags.com,8062,ok
fempro.com.ua,10231,ok
feetup.com.ua,5951,ok
fishpoint.store,8916,ok
fishland.ua,10260,ok
fini.ua,19416,ok
fillerstop.com.ua,8916,ok
finesko.com.ua,3690,ok
fixride.com.ua,8916,ok
fct.lviv.ua,5951,ok
fito-life.com.ua,8928,ok
fitcultura.com.ua,8911,ok
fleurfruit.com.ua,5951,ok
fitcrush.com.ua,8020,ok
fma.com.ua,8035,ok
florynka.com.ua,8931,ok
flirtplace.com.ua,8916,ok
flover-garden.com.ua,8916,ok
fnirsi.net.ua,6345,ok
foodfactor.ua,9292,ok
footballpro-store.com.ua,8916,ok
foodmix.com.ua,8916,ok
forly.com.ua,7913,ok
forover.com.ua,7913,ok
footballsteel.com,9322,ok
floraluxe.com.ua,8916,ok
fomo.in.ua,13502,ok
forsage-oil.com.ua,5326,ok
formulavolossya.com.ua,11652,ok
forpost-games.com.ua,10080,ok
forpost.store,9023,ok
fortua.com.ua,7913,ok
g-target.com.ua,61,ok
gadgetplace.com.ua,61,ok
furnitura.systems,8916,ok
flower-box.in.ua,4640,ok
freshme.com.ua,15644,ok
freshpost.kyiv.ua,9707,ok
fresh-pack.com.ua,7913,ok
futurio.com.ua,5139,ok
gadgetplus.com.ua,5393,ok
fura.md,6075,ok
gamelabShop.com.ua,9250,ok
furgon-ua.com,8928,ok
gamelabshop.com.ua,9250,ok
foxmycroco.shop,10323,ok
gal-clim.com.ua,8928,ok
fofunstickers.com,8916,ok
galaservise.com,8931,ok
galchinsad.com.ua,8916,ok
gadget-mix.com.ua,12042,ok
gekoplus.com.ua,5966,ok
flavors.ua,8915,ok
gamer-cat.com.ua,9508,ok
garantbudservis.com.ua,8916,ok
gelatocandle.com.ua,7913,ok
garnoshop.net.ua,8928,ok
garmoniyasnu.com,9307,ok
gerbordesign.com.ua,15733,ok
germantuning.com.ua,7928,ok
gbcosmetics.com.ua,9035,ok
garmata.in.ua,5010,ok
gibgroup-vn.com.ua,7925,ok
gigaprice.com.ua,5533,ok
giss.com.ua,8916,ok
gidas.com.ua,4640,ok
gf.lviv.ua,7054,ok
goldenlotus.com.ua,61,ok
glami.com.ua,8916,ok
globaltobakointernesnl.com.ua,8916,ok
gesua.com.ua,8818,ok
gigastyle.com.ua,11241,ok
gigatech.com.ua,8916,ok
glazingstore.online,6856,ok
golka.cc,4959,ok
good-dream.ua,8916,ok
goingstores.com.ua,9035,ok
goodlinza.com.ua,7913,ok
good-service.com.ua,33959,ok
gorna.com.ua,61,ok
gofix.store,4640,ok
good-devices.com.ua,12365,ok
gotech.com.ua,7859,ok
gordigroup.com.ua,8916,ok
gpska.ua,10079,ok
gpskaua.com,0,no_marker
grand-choice.com.ua,9537,ok
gpsuaservice.com.ua,8916,ok
granitno.store,8916,ok
greeny.com.ua,61,ok
grandtrade.shop,9433,ok
gorbud.com.ua,10560,ok
gradepro.com.ua,5951,ok
graemo-ochyma.com.ua,8928,ok
grandiosteh.com.ua,5963,ok
grain-capital.shop,4661,ok
gret.com.ua,8916,ok
granmarka.com.ua,4640,ok
gravitation.com.ua,7913,ok
gruf.com.ua,4640,ok
grill-mania.com.ua,5951,ok
gwf.ua,8931,ok
hairway.in.ua,8931,ok
gretariya-shop.com.ua,8916,ok
haisha-m.shop,11335,ok
grompostach.com.ua,9289,ok
h2o-center.com,5951,ok
gunnar.ua,5951,ok
gpsecurity.com.ua,8617,ok
handmadebar.com.ua,9610,ok
gsmba.shop,8916,ok
halmar.ua,10086,ok
haier-ua.com,8916,ok
grit-store.com.ua,4640,ok
hardwarehub.com.ua,8916,ok
hammerite-ua.com,8928,ok
hart-opt.in.ua,18954,ok
hardkit.com.ua,8928,ok
hantea.in.ua,5951,ok
happy-print.com.ua,9355,ok
harvest-house.com.ua,8916,ok
hamerton.com.ua,8916,ok
hart.ua,9023,ok
harbazar.com.ua,15171,ok
heat-install.com.ua,9483,ok
healthydoggo.com.ua,0,no_marker
hebeyos.com.ua,9749,ok
haventech.com.ua,8916,ok
hatalaminatu.com.ua,8916,ok
hds.com.ua,8916,ok
hatniysvit.com.ua,9418,ok
helper-clothes.com.ua,8916,ok
heathy-life.com.ua,5951,ok
hermesengineering.shop,8928,ok
heathome.com.ua,5968,ok
heycurly.store,8916,ok
heco-audio.com.ua,8931,ok
hikayaara.com,8889,ok
hg-tech.com.ua,0,no_marker
hexon.store,7913,ok
hgtech.com.ua,0,no_marker
hellodity.com,13786,ok
hilighter.ua,8916,ok
hipill.com.ua,0,no_marker
hempgarazh.com,8916,ok
herb-life.com.ua,8913,ok
hobot.ua,4640,ok
hobot.org.ua,7925,ok
hiper.md,5947,ok
holymoly.com.ua,8916,ok
homeenergy.com.ua,5258,ok
homsi-mebel.in.ua,61,ok
holyshine.com.ua,7917,ok
honeysua.shop,9356,ok
homora.com.ua,15172,ok
hobbylavka.com.ua,5596,ok
hobbysamurai.com,8916,ok
home-appliances.com.ua,8916,ok
hoper-trade.com.ua,9351,ok
horfood.com.ua,9474,ok
hockeyplayer.com.ua,4655,ok
home-tkani.com.ua,4640,ok
home24.in.ua,8916,ok
hp-studiogift.com.ua,10271,ok
hydrojet.com.ua,5951,ok
homemark.com.ua,8928,ok
houm.com.ua,4652,ok
hushi.com.ua,8916,ok
hwstudio.com.ua,8916,ok
hvostatispravu.com.ua,8916,ok
houseclean.top,4640,ok
homefabrica.store,11361,ok
hypershellukraine.com.ua,0,no_marker
honeybee.ua,34735,ok
i-staff.in.ua,9289,ok
hvostik.shop,8916,ok
hret.com.ua,7913,ok
ic-trade.com.ua,9451,ok
idiag.pro,0,no_marker
iamshop.com.ua,8916,ok
importmarket.com.ua,61,ok
igrabum.info,7912,ok
hygge-shop.com.ua,8916,ok
ignis.od.ua,8916,ok
iguana.ua,9010,ok
ikorka.org.ua,9887,ok
igrashki.shop,4894,ok
immuneup.com.ua,4640,ok
igryshkaua.com,8916,ok
identity-store.com.ua,7897,ok
incosmetics.com.ua,8928,ok
inoks.com.ua,4640,ok
imexshop.in.ua,8916,ok
integralengineering.com.ua,8916,ok
infoteq.com.ua,10268,ok
ingco.com.ua,5951,ok
intertelecom.in.ua,0,no_marker
impersalbeauty.com.ua,6335,ok
instax.pro,4640,ok
intives.com.ua,8916,ok
intimshop.com.ua,8916,ok
interiernik.com,8916,ok
interior.net.ua,4640,ok
invero.com.ua,8916,ok
intymdesire.com,8931,ok
ishoproom.com.ua,5385,ok
jalo.com.ua,4655,ok
isiko.skin,7925,ok
island-purity.com.ua,9522,ok
iva-moda.com.ua,9213,ok
jadore.com.ua,7861,ok
iteise.com.ua,4652,ok
jediss.com.ua,5027,ok
j-tail.com.ua,9101,ok
janzen.com.ua,13720,ok
imtac.od.ua,6282,ok
j7shop.com.ua,4640,ok
japantackle.com.ua,8916,ok
itsmy.market,8338,ok
jessy.com.ua,11737,ok
kalynashop.com.ua,61,ok
interzbut.com.ua,17667,ok
joyit.com.ua,9400,ok
jewelryparadise.com.ua,8916,ok
k27.com.ua,8917,ok
jasmine-parfum.com.ua,8916,ok
jump24.com.ua,8519,ok
jumioutdoors.com.ua,8916,ok
kaiza.com.ua,9534,ok
joymarket.ua,9180,ok
karimat.ua,8931,ok
kapitanova-distribution.com.ua,8916,ok
juststyle.org.ua,8916,ok
kamber.ua,7913,ok
kardan365.com,10159,ok
katatonia.store,4640,ok
kastorama.com.ua,8916,ok
kavain.com.ua,9430,ok
katakakiev.com.ua,7913,ok
juno.com.ua,9630,ok
kavun.net.ua,8919,ok
ix.com.ua,6320,ok
kaylas.com.ua,8916,ok
kastor-service.com,8214,ok
kamanti.com.ua,8916,ok
keywin.com.ua,5951,ok
kcmtech.com.ua,4747,ok
kicksindustry.com.ua,4640,ok
keychron.in.ua,8916,ok
khmelvape.com,7913,ok
kigurunshop.com.ua,8020,ok
kidshandmade.com.ua,8916,ok
kimchilian.com.ua,7928,ok
kilim-decor.com,9661,ok
kg-generator.com,8928,ok
kidsstation.com.ua,4640,ok
king-pro.com.ua,9661,ok
kinder-partyy.com.ua,8916,ok
kingroy.com.ua,8938,ok
kidsarmy.com.ua,9023,ok
kapryhome.com.ua,9023,ok
kingparacord.in.ua,8916,ok
kentavershop.com,7859,ok
kixxoil.com.ua,5966,ok
klavacomp.in.ua,5234,ok
kitvilla.com.ua,7913,ok
kivagro.com.ua,7985,ok
kirashop.com.ua,6114,ok
klmstore.site,4640,ok
klybnika-market.com.ua,6073,ok
komoduk.com.ua,61,ok
knitform.com,6691,ok
kolokuli.com.ua,7913,ok
kombayner.com.ua,9286,ok
kolobok.top,9355,ok
kolodiy.com.ua,4643,ok
koleso.in.ua,8916,ok
konkurent-td.com.ua,4960,ok
kondyter.com.ua,9037,ok
kinder.top,8928,ok
komodforyou.com.ua,7913,ok
klimtehmontag.com,9245,ok
kopteam.com.ua,8916,ok
koreabeautystore.com.ua,8569,ok
kolchuga-home.com.ua,32548,ok
korinna.com.ua,7913,ok
koral-lux.com.ua,8916,ok
korfad.in.ua,4652,ok
korobkaopt.in.ua,0,no_marker
kosmetika-dlya-volos.com.ua,4640,ok
koreancosmeticsstore.shop,4747,ok
kosiv.online,8916,ok
kostorg.com.ua,7934,ok
kotech.com.ua,4639,ok
kosmeticsmakeup.com.ua,8919,ok
kosmetyka-prof.com.ua,4652,ok
koto-industry.com,8916,ok
koshuk.in.ua,10315,ok
korealand.com.ua,8916,ok
kraftar.in.ua,4652,ok
kpd-service.com.ua,7916,ok
kraftpaket.com.ua,7928,ok
kover-brand.com,4640,ok
kraftmaster.com.ua,0,no_marker
kpopericho.com,8928,ok
kolchuga.pro,19675,ok
kovry-kvadro.com.ua,3583,ok
kotytorba.com,9973,ok
krainakanc.com.ua,8928,ok
kravchinya.com.ua,8916,ok
kravchyshyn-sad.com.ua,7913,ok
krasunya-secret.com.ua,8916,ok
kremen.net.ua,8928,ok
krylamagury.com.ua,10089,ok
krislalux.com.ua,8359,ok
krohaenot.com.ua,8352,ok
kravtolov.com.ua,5951,ok
krei-market.com.ua,10160,ok
krasalux.com.ua,9887,ok
krako.com.ua,7913,ok
kroshka-miroshka.com.ua,4640,ok
kugoo-samokat.com.ua,9023,ok
kroner-shop.com.ua,13315,ok
kugookirin.com.ua,9663,ok
kupui-lehko.com.ua,5951,ok
kuhnimarket.com.ua,6324,ok
kvantlab.com.ua,9023,ok
kuniclub.com.ua,9775,ok
kubikids.com.ua,7925,ok
kvit-tochka.com,8918,ok
kvitanka.com.ua,9023,ok
kulemart.com.ua,9010,ok
kupuy-may.com.ua,13786,ok
kutochok.com.ua,10595,ok
kvitgarden.com.ua,4640,ok
kylkalyaba-b2b.com.ua,8916,ok
kviti4you.shop,5311,ok
kvitolia.com,8931,ok
kupamatratsiv.com,9673,ok
l-workshop.com.ua,4868,ok
kyiv-agro.com,5951,ok
lakki-shop.com,8928,ok
lampada.mk.ua,8931,ok
lafastore.com.ua,8931,ok
lamamama.ua,10027,ok
lalapka.com.ua,11042,ok
laness.com.ua,8916,ok
lamastore.com.ua,5397,ok
lanochka.com.ua,8916,ok
lampoviy.com.ua,7928,ok
laptop-planet.com.ua,9661,ok
lamiel.store,8928,ok
laptop-parts.pl,4884,ok
laseverynsky.com,6560,ok
lartek.com.ua,19859,ok
laser-craft.md,5959,ok
laptop-store.kiev.ua,8928,ok
lasale.com.ua,6805,ok
lass.com.ua,6856,ok
lasalcosmetics.com.ua,8916,ok
lashw.shop,8931,ok
lashpro.md,8941,ok
lastivka4baby.com.ua,8916,ok
lava.net.ua,4640,ok
lavin.com.ua,8020,ok
lavento.com.ua,8916,ok
laufam.store,8916,ok
lazarfabworks.com,9312,ok
lavkatoys.com.ua,11784,ok
lavitamine.com.ua,8919,ok
lazurol.com.ua,8916,ok
lb.org.ua,8998,ok
leathive.com.ua,8916,ok
leballoon.com.ua,5951,ok
ledprofiles.com.ua,8917,ok
lemsad.com.ua,17134,ok
leadersport.in.ua,8916,ok
lecharme.com.ua,4640,ok
ledsmile.com.ua,8916,ok
letout.com.ua,8916,ok
lhstudio.com.ua,61,ok
ledu.com.ua,8916,ok
levibe.com.ua,4640,ok
lezhanka.com.ua,8916,ok
letime.com.ua,9326,ok
libron.ua,5402,ok
lezoy.fun,9065,ok
ler.com.ua,8928,ok
level-25.com.ua,5969,ok
light-store.com.ua,8656,ok
liel.com.ua,7882,ok
lilia-flowers.com.ua,9027,ok
lifestrong.com.ua,4640,ok
lieutenant.com.ua,8020,ok
lilashop.od.ua,8053,ok
linebrook.com.ua,0,no_marker
lime-bag.com.ua,8916,ok
lionclub.com.ua,8916,ok
liq-shop.com.ua,8916,ok
litek.com.ua,8916,ok
limpero.shop,8928,ok
lisich.com.ua,8020,ok
lippiliya.com.ua,9157,ok
livesta-cosmetics.com.ua,4655,ok
littlebro.com.ua,8916,ok
liubliutak.com.ua,10033,ok
livesta.co.ua,4894,ok
liveshop.com.ua,5245,ok
livesta.top,8928,ok
littledespot.com.ua,8989,ok
localista.ua,8916,ok
lizir.com.ua,5951,ok
livestashop.com.ua,9805,ok
lofthome.com.ua,8916,ok
logevy.com.ua,8928,ok
lola.com.ua,8916,ok
lopromaxpku.com.ua,7913,ok
lovellie.com.ua,8276,ok
lomy.com.ua,5951,ok
lovers-mall.com.ua,8519,ok
lotosblago.com.ua,8931,ok
lpcompanygroup.com.ua,8916,ok
loverry.com.ua,9187,ok
lulubeauty.com.ua,10809,ok
lpcosmetics.com.ua,9041,ok
lukib.com.ua,9211,ok
lpets.com.ua,9022,ok
luneva.world,9035,ok
lunore.com.ua,8916,ok
lux-home.shop,8928,ok
lux-sleep.com.ua,5299,ok
luxbrands.com.ua,5951,ok
luxajour.com.ua,5344,ok
lusta.com.ua,8916,ok
luxplace.com.ua,7599,ok
luxurygoods.com.ua,7913,ok
m-vector.com.ua,4640,ok
luxus.com.ua,5025,ok
m15store.com.ua,0,no_marker
macashome.com.ua,4640,ok
macronsport.com.ua,7913,ok
macrostandart.com.ua,5469,ok
magazin-ukraine.com.ua,8916,ok
magichata.ua,9415,ok
mabook.com.ua,8916,ok
magiyaroslyn.com,7928,ok
magicktime.com.ua,8928,ok
magicshine.net.ua,0,no_marker
magiyasezoniv.com.ua,7913,ok
mahazyn.com.ua,4640,ok
mahazynnyk.com,8928,ok
malevich-art.com.ua,8916,ok
malevichshop.pro,8919,ok
lifehappyua.com,8916,ok
lovutrend.shop,9023,ok
mamedin.com.ua,6087,ok
maminlisenok.com.ua,8424,ok
manshop.store,6856,ok
marebeauty.com.ua,8916,ok
kupuysvidomo.com.ua,8916,ok
marise.com.ua,7913,ok
market-star.site,9676,ok
markets.odesa.ua,8916,ok
marketvzuttya.com,5834,ok
marmorino.com.ua,13792,ok
mahralux.company,13272,ok
marsante.com.ua,7859,ok
laitson.com.ua,4640,ok
krasaismak.com.ua,8916,ok
marsan.com.ua,4759,ok
la-trade.com.ua,4643,ok
maslozona.com.ua,9028,ok
lovelycosmetik.com.ua,8931,ok
ku-puy.site,8931,ok
mateclub.com.ua,61,ok
lilucosmetics.com.ua,4640,ok
maaf.ua,8916,ok
luxautotuning.com,8916,ok
maryuphair.com.ua,9517,ok
masterservice.energy,8916,ok
mastergrill.od.ua,8283,ok
masterfox.com.ua,4640,ok
magio.shop,8618,ok
marstek-ukraine.com.ua,7913,ok
mbarestyling.com,26936,ok
mdcar.com.ua,9396,ok
mbud.if.ua,7920,ok
meatbowl.pet,8916,ok
massageok.org,6058,ok
maral.com.ua,8931,ok
maxis.com.ua,8533,ok
meatorfish.com.ua,6512,ok
mebelisavp.com.ua,9023,ok
me-to-you.com.ua,16114,ok
mebishop.com.ua,4652,ok
mebleva-krayina.com,10537,ok
meblioteka.store,0,no_marker
mebli-mebli.com.ua,0,no_marker
meblevo.com.ua,9370,ok
matras.com.ua,6960,ok
med-sestra.com.ua,8916,ok
mebli-mebli.ua,7911,ok
meblizdeteva.com.ua,7913,ok
medok.kr.ua,9030,ok
medem.ua,4640,ok
meduzabaza.com.ua,10068,ok
meloni.com.ua,9226,ok
mebelelite.com.ua,8931,ok
melvotek.com.ua,8931,ok
meblibrw.com.ua,9393,ok
megakot.com.ua,5230,ok
medpotreba.com.ua,4753,ok
mensori.com.ua,8928,ok
menuet.me,7859,ok
megabruk.com.ua,4643,ok
mfu.co.ua,8916,ok
merki.com.ua,11342,ok
midnite.com.ua,4640,ok
mia-baby.com.ua,8916,ok
metaplant.store,8916,ok
meblikyiv.com.ua,8033,ok
mda-store.com,8928,ok
mikkatoys.com.ua,4640,ok
midvana.com.ua,9289,ok
mironiks.shop,7913,ok
militex.com.ua,5388,ok
mil-tec.com.ua,8509,ok
minerva.md,0,no_marker
meshokshop.online,8931,ok
milava.com.ua,9026,ok
mita-security.com.ua,9415,ok
militaris.com.ua,9661,ok
miw.com.ua,8916,ok
mix-center.net.ua,4655,ok
misgaran.com.ua,8916,ok
miramax.com.ua,9722,ok
mirrorideas.com.ua,8916,ok
mltools.com.ua,9373,ok
modamia.com.ua,4655,ok
modnostore.com.ua,634,ok
mnky.com.ua,9750,ok
miykamin.com.ua,7861,ok
mizma-beauty.com.ua,8928,ok
mirkleenki.com.ua,4640,ok
mlmilitary.com.ua,9023,ok
mizap.com.ua,4747,ok
miydim.store,10175,ok
modniflow.com,8916,ok
moes.in.ua,5139,ok
modnakazka.com.ua,15929,ok
moneti.com.ua,6200,ok
molekule.store,8286,ok
molrai.com.ua,8914,ok
molo.com.ua,5951,ok
molti.com.ua,8931,ok
modernwar.shop,8916,ok
mooncraft.com.ua,8916,ok
molbert.shop,8916,ok
modern-studio.com.ua,8916,ok
moduledecor.com.ua,5842,ok
montero-beauty.com,8916,ok
move-clothing.com.ua,61,ok
moonfull.eu,8916,ok
moresvitla.com.ua,9023,ok
moldmix.com.ua,7859,ok
moonlightoptics.com.ua,9037,ok
moroziukcosmetic.com,8928,ok
monoshoes.com.ua,8916,ok
mtw.com.ua,4762,ok
motoking.com.ua,7913,ok
mstallyb2b.com,4643,ok
mottop.com.ua,9510,ok
multi-mart.com.ua,9286,ok
moto-master.org,5010,ok
mrflakon.com.ua,22465,ok
mus.com.ua,5951,ok
moyamaska.com.ua,8085,ok
momi.com.ua,8916,ok
monran.com.ua,8916,ok
murakhy.store,9304,ok
mrmagpie.store,8916,ok
muraveinyk.com.ua,7966,ok
muztus.com.ua,8931,ok
mushlia-beauty.store,5951,ok
my-notes.com.ua,7913,ok
mydoma.com.ua,0,no_marker
mykorea.com.ua,4655,ok
myfriend.pet,10068,ok
myasnov-horeca.shop,9035,ok
nadihome.com.ua,7913,ok
mysize.com.ua,8916,ok
mywayshop.com.ua,9510,ok
myasnoy.com.ua,8916,ok
nailmaterials.com,7000,ok
myami.com.ua,8916,ok
nantenamar.store,8916,ok
nashaklumba.com.ua,5966,ok
nakedcosmetics.shop,7913,ok
naturo.com.ua,8931,ok
naturestone.com.ua,8928,ok
navuha.com.ua,8916,ok
myprofcosm.com,10231,ok
nbud.com.ua,8931,ok
ndb.gift,10119,ok
nadobranich.com.ua,4640,ok
mpl-group.com.ua,11022,ok
nemesis.army,8916,ok
natael.ua,7913,ok
nebazar.shop,8916,ok
neom.in.ua,8916,ok
nerey.com.ua,7566,ok
nerokava.com,7859,ok
nepicasso.com.ua,0,no_marker
ncosmetics.com.ua,7913,ok
nelmio.com.ua,9023,ok
neovanna.com,14794,ok
newbarbell.com,8916,ok
nextech.com.ua,6391,ok
nextory.com.ua,5504,ok
nika-grand.com.ua,8916,ok
nimbo.com.ua,5387,ok
newdiva.md,8911,ok
nh-prof.com,8916,ok
nixsport.com.ua,5951,ok
noji-harizma.com.ua,8931,ok
nomadflo.com.ua,8916,ok
neomarketplace.com.ua,9860,ok
nishenka.com.ua,7925,ok
niimbot-etykiety.pl,10527,ok
notebook-battery-power.com.ua,4635,ok
nordstar-shopping.com,8928,ok
novasco.com.ua,9801,ok
notabar.com.ua,9023,ok
noelinbrand.com.ua,7913,ok
novaty.shop,5951,ok
numohrai.com.ua,0,no_marker
nuovasimonelli.com.ua,10226,ok
o-t.com.ua,4655,ok
nvinity.pl,8919,ok
nuts-khm.com.ua,8916,ok
novod-ritm.com.ua,8928,ok
novazon.com.ua,8916,ok
octopustoys.com.ua,4658,ok
nextmart.net,8916,ok
oasiscosmetics.com.ua,8928,ok
odri.in.ua,3583,ok
obana.beauty,8916,ok
oh-smereko.com.ua,8916,ok
novapidloga.com.ua,10454,ok
okovab2b.com,8916,ok
ok-mkb.com.ua,5954,ok
omega78auto.com.ua,61,ok
obiimy.com.ua,4652,ok
oboronprom.com.ua,9668,ok
ohaino.com.ua,5951,ok
oila.shop,8167,ok
onlydress.com.ua,76,ok
okki-shop.com,8928,ok
omegasport.com.ua,7859,ok
oilx.com.ua,8928,ok
olammarket.com.ua,4640,ok
oledim.ua,9523,ok
odin.ua,9415,ok
oneapple.com.ua,4640,ok
opt-club.com.ua,6390,ok
oolaboo.com.ua,9517,ok
onemonth.com.ua,8916,ok
operum.ua,9994,ok
onebay.com.ua,8916,ok
optmotomotion.com.ua,3583,ok
opto-market.com.ua,9940,ok
oral.com.ua,8931,ok
orangeshop24.com.ua,8156,ok
organiclive.in.ua,5966,ok
optskladsnasti.com.ua,4643,ok
orthomix.com.ua,4655,ok
originalgonya.com,6856,ok
palaupremium.com.ua,603,ok
oscartobacco.in.ua,4652,ok
original.com.ua,4935,ok
orthomarket.com.ua,4640,ok
original.kyiv.ua,8916,ok
oystarstudio.com.ua,3583,ok
orientalcase.com,8916,ok
palladiumshop.com.ua,8931,ok
paluba.com.ua,5929,ok
palnik.org.ua,4640,ok
pandasleep.ua,4640,ok
paliuha.com.ua,4641,ok
onestore.com.ua,9023,ok
outdoorsy.com.ua,9305,ok
pack-you.ua,10175,ok
panelivsim.in.ua,8919,ok
panleo.com.ua,8916,ok
palisad.in.ua,8919,ok
pandoroom.com.ua,8916,ok
panacea-boutique.com.ua,8916,ok
pantoys.com.ua,9596,ok
pantabak.com.ua,5951,ok
panteh.com.ua,8916,ok
paoldini.com.ua,8916,ok
papag.com.ua,7928,ok
paoloperuzzi.com.ua,8916,ok
palala.com.ua,9995,ok
panyolai.com.ua,5963,ok
originalonly.com.ua,9919,ok
packpro.com.ua,10357,ok
parketindustry.com.ua,0,no_marker
paulbag.pl,8919,ok
pavia.com.ua,8916,ok
pavlina.com.ua,8467,ok
pavabooks.com,8916,ok
pckey.com.ua,8359,ok
pantir.com.ua,14786,ok
paperx.com.ua,8919,ok
parichka.com.ua,8916,ok
pelushka.com.ua,9010,ok
peonita.farm,7859,ok
pcboost.com.ua,12126,ok
pesitro.pl,8916,ok
perfumia.shop,8916,ok
peonies.com.ua,7913,ok
petmap.vet,5951,ok
petkomplekt.com.ua,8931,ok
peptide-product.com,8894,ok
patriot.pl.ua,9642,ok
pettronic.com.ua,5966,ok
petscountry.com.ua,4652,ok
phome.com.ua,8916,ok
pettika.com.ua,8931,ok
phomemo.com.ua,9018,ok
planetoil.store,9863,ok
piktherm.ua,4747,ok
petline.com.ua,4640,ok
pharmex.club,9699,ok
pipetrade.pl,8916,ok
plastall.kiev.ua,4640,ok
podium-bashtanka.com,61,ok
petstories.com.ua,6073,ok
podarkus.ua,8931,ok
pershasumka.com.ua,4824,ok
playthegame.com.ua,8916,ok
pmstore.com.ua,5963,ok
plexo.com.ua,7928,ok
podushky.com.ua,10612,ok
poliv-opt.com,8919,ok
pondshop.com.ua,5139,ok
polumiani.com.ua,8916,ok
plushki.com.ua,10045,ok
poltagro.com,5954,ok
postelbelie.com.ua,27446,ok
poltavasnast.com,4747,ok
pinkrabbitsexshop.com.ua,7913,ok
polychka.kyiv.ua,8916,ok
plusplusshop.com.ua,5951,ok
polycarb.com.ua,3583,ok
postelka.ua,0,no_marker
posvex.com.ua,8931,ok
potovar.com.ua,8916,ok
popari-dolinka.shop,8916,ok
posthom.com.ua,4640,ok
power-hub.com.ua,7913,ok
postilna-bilyzna.com.ua,7340,ok
prime-delivery.com.ua,4640,ok
posteleon.com.ua,8928,ok
powernation.com.ua,8928,ok
powerbank.ua,7913,ok
primamateria.com.ua,8931,ok
princesshome.com.ua,5966,ok
primeberg.com.ua,10571,ok
primechoice.in.ua,9246,ok
power-ukraine.com.ua,7913,ok
pochatok.space,8916,ok
print.uz.ua,8916,ok
postelyshka.com.ua,4640,ok
prizmo.com.ua,7913,ok
pricepuch.com.ua,5507,ok
pro-mebli.com.ua,4655,ok
pro-air.com.ua,10119,ok
pro-heat.com.ua,8916,ok
prof-derma.com.ua,4655,ok
pratta.ua,9371,ok
profiline.net.ua,8928,ok
pro-electric.com.ua,9023,ok
profilbond.com.ua,8916,ok
pro-scan.com.ua,7589,ok
prokontrol.com.ua,0,no_marker
proftechnika.ua,6920,ok
profixer.com.ua,6333,ok
probioday.com,22052,ok
proftoolsp.com.ua,5893,ok
promam.global,7913,ok
prof-kosmetics.com.ua,5951,ok
proliss.com.ua,5951,ok
prokable.pl,10114,ok
prostoled.com,8931,ok
prokit.com.ua,6557,ok
prosadok.com.ua,8928,ok
protec.md,0,no_marker
propagandashop.com.ua,6450,ok
promosafe.com.ua,6545,ok
pulsebattery.com.ua,9038,ok
prostir-neprostoi.com.ua,8916,ok
ptr-b2b.com.ua,5951,ok
puhnasta-textile.com,7913,ok
prostotak-lingerie.com.ua,9124,ok
profootboots.com.ua,9062,ok
pufia.com.ua,5951,ok
protector.ua,11030,ok
puzoo.in.ua,0,no_marker
pxay.com.ua,6856,ok
pyrofoto.com.ua,5951,ok
pulsear.com.ua,5397,ok
puzoo.ua,7451,ok
qtap-shop.com.ua,9289,ok
radiovymir.com.ua,9086,ok
r1beauty.com.ua,9648,ok
progres.ua,8786,ok
qtools.in.ua,7928,ok
raccoon.coffee,5947,ok
radiocrafts.com.ua,8918,ok
ramp-beer.com,10226,ok
puzzlik.com.ua,9835,ok
raktar.ua,9339,ok
qmd.com.ua,8916,ok
regard.ua,61,ok
redsakura.com.ua,8919,ok
reability.com.ua,9215,ok
rem-baza.com,61,ok
rbox.com.ua,8916,ok
rdcarp.com,8916,ok
reborn-babyside.com.ua,8916,ok
real.net.ua,4640,ok
rafaelinstrumenty.com.ua,8916,ok
ray.ua,7913,ok
recycle-hub.com.ua,7210,ok
reffyoptic.md,8929,ok
raxy.com.ua,8928,ok
rescue.com.ua,7913,ok
rebus.ua,6710,ok
remora.com.ua,4640,ok
ridexbike.com,8916,ok
ren-autotime.com.ua,4828,ok
ril.com.ua,8916,ok
riwell-radkevich.store,9355,ok
rightmann.com.ua,3583,ok
rekuperatory.com.ua,8916,ok
roadvibe.store,10339,ok
restavro.in.ua,5013,ok
remzapas.com,6212,ok
rincom.in.ua,6527,ok
rodovid.store,8916,ok
rollshop.com.ua,6058,ok
rocca.com.ua,8916,ok
rockfish.com.ua,4635,ok
provetro.com.ua,6245,ok
roslynahealth.com.ua,8928,ok
rotkart.com.ua,8916,ok
rover-plus.com.ua,8916,ok
roni-ron.com.ua,8916,ok
rsparts.com.ua,11814,ok
runabags.com.ua,15478,ok
rozzy-store.com.ua,9429,ok
runningcats.com.ua,10734,ok
rukodellniza.in.ua,8934,ok
runshop.com.ua,7928,ok
rozumnik.com.ua,8928,ok
rosessoapopt.com.ua,4643,ok
rukodilnalavka-yarn.com.ua,8919,ok
safe-house.com.ua,61,ok
rybsvit.com.ua,9414,ok
ryven.com.ua,8916,ok
rozpustashop.com.ua,8928,ok
royal-kids.com.ua,8916,ok
s-linecoffeecompany.com,11624,ok
sadim.in.ua,7913,ok
s-skyhit.com.ua,8916,ok
rutm.store,7925,ok
rustins1.com.ua,4935,ok
safepro.co.ua,8390,ok
rosebloom.com.ua,8928,ok
saguaro.com.ua,9483,ok
sam-vorota.com.ua,5387,ok
safeplanetbeauty.com.ua,7859,ok
santeh-impuls.com,8812,ok
rvparts.com.ua,6624,ok
santechfilter.com.ua,8916,ok
runrun.md,8929,ok
santeh-set.com,8708,ok
salmo-ukraine.com,8916,ok
sadokpirog.com,8916,ok
san-to.com.ua,7859,ok
santeh-room.com.ua,8916,ok
salonsvitlo.com.ua,39020,ok
santehtile.com.ua,8931,ok
santehspec.com.ua,5963,ok
santehcatalog.com,8693,ok
safepower.com.ua,8916,ok
sapphirejewelry.com.ua,7260,ok
samik.com.ua,8916,ok
santekh-plus.com.ua,8341,ok
scanerok.com.ua,7913,ok
seazon.studio,7910,ok
scan-line.com.ua,4640,ok
santeh-shop.md,9025,ok
santeh-prime.com.ua,10660,ok
selove.ua,7928,ok
sectorx.com.ua,6097,ok
seko.co.ua,0,no_marker
sevenshop.com.ua,8916,ok
santehfranco.com,9789,ok
sara.in.ua,6303,ok
sebi.com.ua,8928,ok
santehholl.com.ua,7725,ok
sgrestore.com.ua,0,no_marker
sexperiences.com.ua,0,no_marker
shafamania.com,8283,ok
servicepart.com.ua,8916,ok
sharatkaniopt.com.ua,8931,ok
shijingtools.com.ua,4655,ok
shkarpetku.in.ua,4712,ok
sewing-hub.com.ua,4640,ok
shampur-box.com.ua,5951,ok
shop-grit.com.ua,8035,ok
shafran.shop,8916,ok
sfit.com.ua,8519,ok
sectorkross.com.ua,6085,ok
shadell.com.ua,8916,ok
shop-20duymiv.com,10758,ok
shekalada.com.ua,4640,ok
shopomama.in.ua,0,no_marker
shopmonkeys.ua,9118,ok
shop3dprostir.com,7916,ok
shpalery-ua.com,8931,ok
shrotlutsk.com.ua,4640,ok
sicret.fun,8931,ok
shopoman.com.ua,5951,ok
shopo-golik.com.ua,6287,ok
sivertrade.site,61,ok
sigonnatools.com,8887,ok
simple-flowers.com.ua,9035,ok
sinel.com.ua,8916,ok
shumart.com.ua,10572,ok
simmsfishing.com.ua,8916,ok
shtyrman390.com.ua,10920,ok
sitoria.com,8359,ok
simplyshop.com.ua,13773,ok
simeinatsukernia.com.ua,4658,ok
sigma-hilzy.com.ua,13788,ok
siayvomarket.com.ua,4643,ok
sivok.com.ua,8931,ok
shop-master.com.ua,5882,ok
simpleopt.com.ua,3583,ok
skateboards.com.ua,8916,ok
silentpets.com.ua,5963,ok
skincosmetics.com.ua,7913,ok
skhidnytsia-dzherela.com.ua,8916,ok
sizney.com,4657,ok
skinexi.com,9179,ok
skladova.ua,5397,ok
skinmtx.online,8916,ok
skinovate.com.ua,12481,ok
smart-child.com.ua,9023,ok
skuterok.com,5114,ok
smakodar.com.ua,9527,ok
slush-planet.com.ua,7916,ok
skladteplotehniki.com,8333,ok
slmoto.com.ua,8931,ok
smart-pages.com.ua,6246,ok
slimming-time-romania.com,8929,ok
slipik.in.ua,8916,ok
smartmebel.net,9023,ok
smokeclub13.com,9010,ok
smdmarketua.com,4738,ok
smilo.ua,9665,ok
smoke-shop.in.ua,0,no_marker
smokervapes.com,10089,ok
smartpack.com.ua,7488,ok
smazchukshop.com.ua,8928,ok
smartprostir.com.ua,8916,ok
solarline.com.ua,9038,ok
smartville.com.ua,8916,ok
solar-krep.com.ua,9366,ok
sofit.md,8929,ok
sognolingerie.com.ua,4652,ok
sofdim.com,9289,ok
solarcompany.shop,8916,ok
solarman.com.ua,8916,ok
smartbazar.com.ua,4640,ok
solardealers.shop,8916,ok
sontelle.com.ua,76,ok
solident.com.ua,8916,ok
soldoutvibe.com,5963,ok
solatoys.com.ua,8916,ok
sokil24.com,7240,ok
soltrix.com.ua,8916,ok
spacebooks.com.ua,8933,ok
souvenirs.in.ua,4652,ok
soundpulse.com.ua,10501,ok
so-skin.com.ua,8928,ok
sonmark.org.ua,5951,ok
sounds.in.ua,9962,ok
soreinpower.com.ua,5951,ok
southgeckoland.com.ua,8916,ok
spaceforma.com.ua,8916,ok
sostore.com.ua,25018,ok
snakee.com.ua,9301,ok
speckabel.com,6075,ok
speedy.com.ua,76,ok
specialbooks.store,8916,ok
sparja.shop,8916,ok
souvenirspot.shop,8928,ok
sonce-lan.com.ua,10159,ok
spdivany.com.ua,4797,ok
spirtik.com.ua,8916,ok
sportikstore.com.ua,8916,ok
spekacoffee.com.ua,5951,ok
stabilizator.in.ua,8931,ok
stahlpro.com.ua,15333,ok
sprut.net.ua,8916,ok
spectehnika.khmelnitskiy.ua,4640,ok
sportlinefitness.in.ua,4640,ok
sriblohit.com.ua,3583,ok
splash-point.com.ua,7966,ok
stalevamaisternya.com.ua,8931,ok
steam-sale.com,61,ok
springgroup.com.ua,8919,ok
sprayhub.com.ua,8916,ok
sportichub.com.ua,4640,ok
statura.com.ua,8916,ok
steelhornets.com.ua,4640,ok
spoiler.com.ua,15530,ok
steam-cloud.com.ua,8928,ok
stela.com.ua,5966,ok
spicefair.shop,8916,ok
startavto.com.ua,9286,ok
startopwomen.com.ua,8330,ok
stocktechtrade.com.ua,5951,ok
storrage.com.ua,30807,ok
stellarshop.com.ua,10093,ok
storix.com.ua,9596,ok
steli-vlasnorych.com.ua,8919,ok
studymarket.com.ua,7913,ok
strum-motor.com.ua,8916,ok
storm-shop.com.ua,7928,ok
storetruck.com.ua,4655,ok
stepngo.com.ua,8916,ok
super-dim.com.ua,61,ok
styleavenue.com.ua,8916,ok
stormblade.com.ua,5951,ok
stroy-comf.com.ua,8916,ok
straziki.com,7155,ok
sunvolt-shop.com.ua,29259,ok
superscooter.com.ua,5951,ok
superruchki.shop,0,no_marker
sushi-pack.com,7916,ok
supukraine.com,7913,ok
supperruchki.com.ua,4640,ok
svichki.com.ua,8931,ok
sun24.in.ua,8916,ok
svaltera.in.ua,9781,ok
svideashop.com.ua,8933,ok
sveta-recommends.com.ua,9211,ok
svbike.com.ua,5951,ok
suvenirka-online.com.ua,6856,ok
svit-sniv.com.ua,5246,ok
styleo.com.ua,8519,ok
sv-tools.com.ua,8916,ok
svitloopt-plus.store,6393,ok
svitashka.com.ua,8519,ok
svitmag.com.ua,4652,ok
styleforma.com.ua,9610,ok
svitpalatok.com.ua,9031,ok
swisssecret.shop,8931,ok
sumkaland.com.ua,8928,ok
svitkolgot.com.ua,13786,ok
sviteko.com.ua,9883,ok
svittovariv.com,4640,ok
t2p.com.ua,61,ok
svitparu.com.ua,9784,ok
svittvohodytynstva.com.ua,8916,ok
sweetvelours.com.ua,8532,ok
sydorpack.com.ua,4643,ok
svitlomayster.com.ua,4652,ok
taras.market,8928,ok
tactech.com.ua,8916,ok
tactical-arsenal.com.ua,8916,ok
tadykaguitars.com,9938,ok
tac-postel.com.ua,11575,ok
tea-rex.com.ua,10518,ok
takesvoe.com.ua,8916,ok
svsopt.com.ua,8221,ok
tabak1kg.com.ua,8916,ok
tece-ua.com,3586,ok
techinprom.com.ua,9285,ok
tata-beauty-shop.com,8916,ok
tech-technics.com.ua,4651,ok
tabacase.com.ua,8931,ok
teabar.com.ua,8916,ok
techno-pro.com.ua,5651,ok
techgleam.com.ua,27677,ok
taily.com.ua,8928,ok
technoplay.com.ua,4759,ok
techlight-shop.com.ua,8008,ok
techno-jack.com.ua,9766,ok
technoboost.com.ua,8916,ok
technotak.store,14783,ok
techspark.com.ua,9411,ok
technoguru.com.ua,5951,ok
tenpro.com.ua,9827,ok
tentexpert.com.ua,9050,ok
tehno-grad.com.ua,10060,ok
tehservice.com.ua,5963,ok
teli.com.ua,8916,ok
teplonix.com.ua,8931,ok
teplokup.online,8916,ok
tere.com.ua,7913,ok
tecros.com.ua,8916,ok
termoizolk.in.ua,8916,ok
teplovolt.com.ua,8916,ok
texsis.com.ua,11335,ok
tecofit.com.ua,8916,ok
teticosmetics.com.ua,8933,ok
territoryopt.com.ua,3834,ok
teploera.com.ua,5809,ok
thehats.com.ua,6856,ok
termal-service.com.ua,5684,ok
thebody.ua,13977,ok
thekuznya.com,9050,ok
thesharik.com.ua,7913,ok
thepartyboutique.ua,14779,ok
tfhydraulics.com.ua,7913,ok
target-mall.com.ua,6073,ok
thenineproducts.com,8916,ok
terragaia.com.ua,9164,ok
thesmart.com.ua,4652,ok
timelike.co.ua,9152,ok
ti-store.com.ua,5963,ok
tictum.com.ua,8916,ok
techsvitshop.com.ua,6963,ok
timari.com.ua,9447,ok
tigo-gas.com,7928,ok
tomgard.com,7693,ok
tobacco-place.com.ua,5951,ok
top-tex.com.ua,6667,ok
tools-hub.com.ua,7566,ok
tirway.pl,4723,ok
topcoins.com.ua,4640,ok
toolbase.com.ua,28333,ok
tooltrail.com.ua,5882,ok
toppod.com.ua,8928,ok
tochkapl.com,8928,ok
toolset.in.ua,10271,ok
topzap.com.ua,4652,ok
titansport.com.ua,9027,ok
tortsells.com.ua,5951,ok
tophone.com.ua,8020,ok
toptovar.in.ua,9400,ok
torgdnepr.com.ua,4635,ok
tosteroni.com.ua,0,no_marker
tophair.com.ua,8916,ok
topline.in.ua,9295,ok
tr-ua.com,7936,ok
totalshield.com.ua,9250,ok
tradepro.com.ua,8916,ok
trainssy.com.ua,11298,ok
totalmarket.top,8928,ok
toylexparts.com.ua,7471,ok
tricholabnl.online,4655,ok
traveler.com.ua,8916,ok
toppadel.com.ua,8916,ok
transformula.ua,4640,ok
trubna-armatura.com.ua,4659,ok
trevi.ua,11909,ok
trichoshop.com,7916,ok
tool-boxx.com.ua,7916,ok
trebaprokat.com.ua,8935,ok
tosonce.com.ua,7887,ok
trakciashop.com,8930,ok
travkialeksandra.com,4635,ok
tryme.com.ua,8916,ok
trucare.com.ua,8916,ok
truffluv.com.ua,7913,ok
tvoiacraftiarnia.com.ua,8931,ok
turbosolar.com.ua,9033,ok
twelve.com.ua,8931,ok
tviytool.com.ua,8916,ok
tutabud.com.ua,8919,ok
tsvtop.ro,7922,ok
uawomen.space,8931,ok
tviybro.com.ua,4640,ok
ua3dprint.com.ua,4762,ok
ua.tires,9677,ok
ugory.com.ua,12453,ok
uk-uabooks.com,8223,ok
ugrass.com.ua,8796,ok
uasak.com,9011,ok
ua-jet.com,9661,ok
unitmarket.com.ua,8916,ok
ukrzont.com.ua,8916,ok
ukrimex.group,4643,ok
tyretorg.com.ua,10642,ok
unisfera-shop.com.ua,7151,ok
underwear-shop.top,5320,ok
upctextil.com,5242,ok
unica-brand.com.ua,8916,ok
usaautoparts.com.ua,20245,ok
upgo.com.ua,8916,ok
vabs.com.ua,5952,ok
upupclothes.com,8916,ok
umd.net.ua,4640,ok
uzvmag.com.ua,7913,ok
valeon.ua,8918,ok
unityshop.com.ua,9268,ok
vads.com.ua,5014,ok
van-n-truck.com,7928,ok
valesleepwear.com.ua,8916,ok
valetti.com.ua,8916,ok
utp.group,4874,ok
vapecontrol.com.ua,9063,ok
ukrdefence.com,10650,ok
valizacity.com.ua,4640,ok
vario.net.ua,8931,ok
uasklad.com,5951,ok
usmall.com.ua,7913,ok
vapeluxe.com.ua,8928,ok
vaporesso.com.ua,12932,ok
vashaoselya.com,5645,ok
vapezone.net.ua,8928,ok
vbi.com.ua,8916,ok
vanesso.com.ua,4640,ok
vapolab.shop,8916,ok
vasha-hata.uzhgorod.ua,4935,ok
vedunya.shop,6856,ok
vash-instrument.com,6321,ok
velo-gallery.com.ua,9581,ok
vashevolossya.com.ua,10929,ok
vedashop.com.ua,8916,ok
veloegoist.shop,8916,ok
velourintim.com.ua,8916,ok
venscolor.com,8928,ok
veresen-mf.com,8916,ok
vete.in.ua,61,ok
velo-mw-bike.com.ua,8467,ok
velo-battery.com,9705,ok
vends.com.ua,5621,ok
versa.com.ua,5951,ok
vernadsky.com.ua,7913,ok
vamsvitlo.com.ua,5013,ok
velotorba.com.ua,5138,ok
vibeclub.site,0,no_marker
vergeopt.com.ua,8928,ok
viks.shoes,6749,ok
vinylawave.com.ua,5966,ok
vertogarment.com,12881,ok
vinylhouse.com.ua,8931,ok
vintazhnizabaganky.com.ua,4655,ok
villa-decor.com.ua,8916,ok
vioflora.com.ua,4640,ok
vidnov.com.ua,8758,ok
versal.salon,8857,ok
vihome-nabytek.cz,7904,ok
vertice-shop.com.ua,5117,ok
vitasupp.com.ua,7916,ok
vitalstroy.com.ua,8916,ok
viptovar.com.ua,4742,ok
vitastuff.com.ua,7925,ok
vitamingo.com.ua,7913,ok
vitol6.com,4655,ok
virgil.com.ua,8916,ok
vitavto.com.ua,8928,ok
vivabag.pro,10260,ok
vitaminekr.com,8916,ok
vlasnyifermer.com,9038,ok
viki-store.com,8928,ok
vitalinastore.com.ua,8916,ok
viverra.com.ua,8928,ok
vivio.com.ua,7913,ok
voltium.shop,10291,ok
voge-shop.com.ua,21656,ok
vlasnuj-vurib.store,5963,ok
vorotaservice.com,8276,ok
voltix24.shop,8916,ok
voltech.in.ua,9778,ok
voin.com.ua,8916,ok
vok.kh.ua,5012,ok
voentorg1.com.ua,9666,ok
vlitvin.com.ua,8916,ok
voltline.in.ua,8916,ok
voltix.com.ua,8928,ok
vsempk.ua,9304,ok
vsimolotki.com.ua,5966,ok
vroomvroom.com.ua,9558,ok
vsetobi-market.com.ua,7925,ok
voronvid.store,8916,ok
vslstudio.com.ua,8916,ok
vohnyshe.com.ua,5398,ok
vse-ditkam.com.ua,8916,ok
vse-svoye.com.ua,8919,ok
vtarot.com.ua,7913,ok
vunorob.com.ua,5512,ok
vzuttevuy-prospect.website,8931,ok
vsyake.com.ua,13791,ok
vusatyk.com.ua,8916,ok
vtileno.com.ua,9038,ok
vytachbakery.com,7925,ok
vtilene.studio,7916,ok
vynogradovaart.com.ua,7859,ok
vse-use.store,8929,ok
vuyko.shop,9788,ok
vvelika.com,7913,ok
warmbud.com.ua,8931,ok
walletaly.shop,8916,ok
watches-of-usa.com,7127,ok
vyrobymaistriv.com,8457,ok
waterheat.com.ua,8916,ok
wefa.net.ua,5807,ok
wallspace.in.ua,9427,ok
wintel.com.ua,8931,ok
wicanders.com.ua,8916,ok
wildtacticalfield.com,10089,ok
waterdelivery.com.ua,5769,ok
wildbox.com.ua,7913,ok
woodenboxin.com.ua,8931,ok
worldbooks.in.ua,61,ok
woodbrothers.com.ua,8916,ok
watari.com.ua,9524,ok
vstime.com.ua,9023,ok
wowdim.com.ua,5400,ok
wrd.com.ua,8916,ok
wdrop24.com,9398,ok
wonderfile.ua,8633,ok
xn--b1agyb8b.in.ua,9637,ok
yaktac.com.ua,61,ok
wuben.com.ua,7913,ok
xsell.com.ua,5951,ok
xn--h1adheeb.com.ua,12585,ok
xt-laser.com.ua,8916,ok
xn----7sbbfo3cgofuk3b.com.ua,7859,ok
xtech.com.ua,7226,ok
weldex.com.ua,4635,ok
yamoya.com.ua,8927,ok
yantarbs.com.ua,9448,ok
yao.com.ua,9240,ok
yesbook.com.ua,9035,ok
yavaperfume.top,8916,ok
yakpomaslu.com.ua,8916,ok
your-kids.com.ua,7589,ok
yatsom.com,8916,ok
yuga.com.ua,168,ok
your-store.com.ua,8916,ok
your-step-mnf.com.ua,8916,ok
xsena.ua,5248,ok
wowspace.com.ua,8596,ok
ykcosmetics.com.ua,71080,ok
yater.top,4640,ok
yavagitna.com.ua,7913,ok
yaremko.com.ua,9023,ok
yilmaz-opt.com,8916,ok
yuki.com.ua,0,no_marker
yumiko.com.ua,4640,ok
yuzershop.com,19214,ok
youhome-market.com.ua,9298,ok
yoroom.com.ua,8286,ok
zebra.org.ua,7859,ok
zaberi.com.ua,8020,ok
zakwatches.com.ua,14031,ok
zakdekor.com.ua,6696,ok
zapchastiukr.com,10154,ok
zakupochka.com,13776,ok
zepline.com.ua,5028,ok
zmkomplekt.com.ua,4759,ok
zoobaza.com.ua,9581,ok
zolotnyk.com.ua,6509,ok
zabaganka.shop,4640,ok
zooboom.ua,10159,ok
zoobum.com,0,no_marker
zooflex.com.ua,8916,ok
zoovet-lik.com,8916,ok
zrx-shop.com.ua,23036,ok
zoo-space.com.ua,8928,ok
zhytarok.ua,5013,ok
zoolabs.eu,8902,ok
zoobum.com.ua,12412,ok
zperchy.com.ua,9035,ok
